LA name,2007,2008,2009,2010,2011,2012,2013,2014,2015,2016,2017,2018
Hartlepool,"1,349","1,428","1,403","1,456","1,508","1,496","1,535","1,557","1,636","1,731","1,728","1,732"
Middlesbrough,"2,564","2,646","2,666","2,669","2,733","2,842","2,728","2,762","2,894","3,112","3,215","3,388"
Redcar and Cleveland,"2,256","2,339","2,316","2,620","2,667","2,792","2,808","2,544","2,061","2,005","2,061","2,159"
Stockton-on-Tees,"4,518","4,681","4,845","4,788","4,817","4,732","4,847","5,448","6,121","6,126","6,040","5,885"
Darlington,"2,336","2,407","2,297","2,450","2,522","2,547","2,771","2,937","3,090","2,916","3,223","3,076"
County Durham,"8,068","8,380","8,401","8,568","8,542","8,915","9,047","9,052","9,264","9,373","9,693","10,046"
Northumberland,"5,109","5,244","5,124","5,277","5,325","5,433","5,546","5,657","5,888","6,147","6,167","6,078"
Newcastle upon Tyne,"7,419","7,434","7,349","7,608","8,024","8,382","8,278","8,513","9,061","9,451","9,750","9,881"
North Tyneside,"3,638","3,777","3,631","3,813","3,922","3,929","3,976","4,059","4,078","4,283","4,794","5,129"
South Tyneside,"2,007","1,969","1,871","1,915","2,076","2,156","2,094","2,251","2,318","2,181","2,141","2,194"
Sunderland,"5,646","5,820","5,835","5,820","5,960","6,044","6,813","7,169","7,345","7,453","7,616","8,221"
Gateshead,"4,564","4,594","4,382","4,441","4,753","4,706","4,378","4,505","4,458","4,731","4,559","4,854"
Blackburn with Darwen,"2,432","2,491","2,445","2,555","2,608","2,684","2,820","2,937","3,231","3,338","3,554","3,509"
Blackpool,"2,480","2,277","2,198","2,318","2,338","2,338","2,435","2,519","2,662","2,844","3,044","3,182"
Warrington,"5,990","6,111","5,550","5,812","6,011","6,201","6,587","7,008","7,490","7,571","8,061","8,145"
Cheshire East,"10,466","10,548","10,076","10,499","10,904","11,855","12,378","13,419","13,274","14,450","14,937","15,853"
Cheshire West and Chester,"9,992","10,238","10,774","11,451","10,347","11,038","11,658","11,940","11,669","12,407","13,093","13,428"
Halton,"3,357","3,435","3,491","3,658","3,727","3,661","3,785","4,003","4,052","4,111","4,309","4,757"
Allerdale,"1,626","1,721","1,707","1,856","1,856","1,863","2,017","2,107","2,120","1,997","2,010","2,062"
Barrow-in-Furness,"1,179","1,309","1,295","1,345","1,426","1,514","1,554","1,571","1,692","1,727","1,808","1,848"
Carlisle,"2,362","2,465","2,438","2,513","2,519","2,530","2,749","2,872","2,978","3,034","3,069","3,093"
Copeland,"1,376","1,565","1,471","1,537","1,553","1,525","1,634","1,735","1,796","1,726","1,753","1,825"
Eden,"1,221","1,263","1,213","1,242","1,242","1,279","1,354","1,385","1,462","1,452","1,490","1,544"
South Lakeland,"2,254","2,385","2,461","2,538","2,605","2,712","2,673","2,485","3,248","3,331","3,755","3,656"
Burnley,"1,680","1,675","1,557","1,670","1,752","1,881","1,924","2,168","2,139","2,211","2,357","2,546"
Chorley,"1,640","1,657","1,607","1,695","1,738","1,827","1,864","1,903","2,073","2,186","2,225","2,343"
Fylde,"2,111","2,204","2,134","2,159","2,144","2,433","2,206","1,938","2,016","2,184","2,445","2,325"
Hyndburn,"1,329","1,363","1,287","1,331","1,436","1,454","1,551","1,583","1,700","1,829","1,793","1,706"
Lancaster,"2,759","2,790","2,482","2,513","2,609","2,716","3,041","3,113","3,093","3,095","3,092","3,172"
Pendle,"2,477","2,368","2,003","1,974","2,121","2,026","2,161","2,140","2,461","2,484","2,344","2,517"
Preston,"3,648","3,552","3,516","3,705","4,203","4,077","3,933","4,098","4,347","4,818","4,696","4,969"
Ribble Valley,"1,141","1,200","1,190","1,208","1,258","1,316","1,454","1,545","1,590","1,519","1,698","1,729"
Rossendale,915,945,911,957,"1,023","1,025","1,127","1,150","1,227","1,265","1,285","1,272"
South Ribble,"3,326","3,419","3,264","3,331","3,447","3,689","3,816","4,370","4,597","4,864","4,863","5,090"
West Lancashire,"2,077","2,107","2,066","2,151","2,223","2,275","2,254","2,278","2,432","2,665","2,738","2,814"
Wyre,"1,487","1,520","1,458","1,534","1,592","1,565","1,643","1,663","1,748","1,892","1,852","1,950"
Bolton,"5,214","5,223","5,216","5,306","5,469","5,333","5,666","6,484","6,038","6,288","6,713","6,943"
Bury,"2,933","2,941","2,886","2,986","3,033","3,179","3,284","3,139","3,348","3,506","3,546","3,625"
Manchester,"16,376","16,635","17,077","17,586","17,879","18,649","18,772","19,639","20,570","22,095","23,722","24,523"
Oldham,"3,171","3,269","3,227","3,319","3,412","3,383","3,566","3,683","3,917","4,013","4,373","4,284"
Rochdale,"3,146","3,173","3,149","3,276","3,201","3,449","3,568","3,511","3,737","3,715","3,860","3,898"
Salford,"5,491","5,545","5,559","5,632","5,784","6,500","7,189","7,576","7,715","7,544","7,719","8,427"
Stockport,"5,815","6,076","6,084","6,145","6,219","6,431","6,440","6,367","6,584","6,870","7,495","7,675"
Tameside,"3,055","3,112","3,095","3,206","3,259","3,378","3,499","3,663","3,714","3,761","3,774","3,854"
Trafford,"7,228","7,452","7,028","7,113","7,580","7,688","8,163","8,064","8,524","9,038","9,291","9,765"
Wigan,"4,569","4,511","4,414","4,569","4,639","4,743","5,092","5,180","5,593","5,662","5,791","5,924"
Knowsley,"2,846","2,874","2,863","3,007","3,063","3,045","3,272","3,451","3,641","3,946","4,140","4,276"
St. Helens,"2,810","2,747","2,735","2,835","2,819","2,759","2,838","2,970","3,053","3,017","3,152","3,176"
Liverpool,"11,368","11,725","12,281","12,257","12,504","12,351","12,575","13,287","13,595","13,911","14,255","14,850"
Sefton,"4,049","3,955","4,074","4,158","4,074","3,977","4,106","4,294","4,347","4,662","4,795","4,916"
Wirral,"5,206","5,147","5,134","4,987","5,470","5,309","5,220","5,471","5,788","5,720","6,096","5,982"
"Kingston upon Hull, City of","5,697","6,153","6,149","5,865","5,765","5,787","5,897","6,006","6,260","6,494","6,740","6,859"
East Riding of Yorkshire,"5,981","6,014","5,880","5,816","5,958","6,178","6,312","6,649","6,972","6,920","7,407","7,807"
North East Lincolnshire,"2,886","2,875","2,822","2,838","2,945","2,972","3,068","3,276","3,448","3,523","3,603","3,451"
North Lincolnshire,"5,783","5,874","5,643","6,028","5,818","5,641","5,629","5,736","5,914","6,075","6,496","6,610"
York,"5,463","5,450","5,231","5,395","5,690","5,886","6,073","6,201","6,215","6,408","6,702","7,050"
Craven,"1,150","1,154","1,141","1,179","1,217","1,241","1,264","1,335","1,377","1,433","1,624","1,654"
Hambleton,"1,998","2,034","1,958","1,979","2,047","2,045","2,265","2,251","2,319","2,387","2,452","2,472"
Harrogate,"3,482","3,526","3,372","3,456","3,668","3,665","3,867","3,934","4,084","4,337","4,722","4,712"
Richmondshire,736,747,721,738,786,796,866,852,855,886,962,978
Ryedale,969,985,926,949,"1,024","1,135","1,139","1,250","1,264","1,383","1,466","1,448"
Scarborough,"1,827","1,863","1,840","1,838","1,938","1,948","1,951","2,025","2,067","2,114","2,296","2,317"
Selby,"2,356","2,423","2,487","2,379","2,374","2,487","2,494","2,453","2,520","2,551","2,585","2,737"
Barnsley,"3,454","3,356","3,245","3,398","3,529","3,682","3,866","3,997","3,996","4,081","4,302","4,499"
Doncaster,"4,635","4,643","4,408","4,636","4,738","4,852","5,044","5,263","5,775","5,904","6,432","6,609"
Rotherham,"4,114","4,090","3,919","4,153","4,314","4,584","4,702","4,983","5,149","5,388","5,364","5,567"
Sheffield,"11,440","11,216","11,189","11,554","12,035","12,238","12,644","12,843","13,153","13,569","14,085","14,334"
Bradford,"8,379","8,526","8,401","8,546","8,971","9,424","9,685","9,808","10,259","10,569","11,056","10,982"
Calderdale,"3,891","3,703","3,587","3,678","3,855","4,006","4,251","4,781","5,087","5,141","5,229","5,364"
Kirklees,"6,450","6,496","6,309","6,423","6,657","6,917","7,174","7,536","7,837","8,146","8,504","8,661"
Leeds,"22,388","22,122","21,901","22,220","23,062","23,394","23,920","24,629","25,795","26,400","27,034","28,805"
Wakefield,"6,431","6,603","6,288","6,241","6,592","7,013","7,371","7,483","7,889","8,168","8,344","8,781"
Derby,"6,610","6,470","6,475","6,557","6,949","6,870","7,057","7,093","7,360","7,405","7,228","7,872"
Leicester,"6,543","6,759","6,636","6,956","7,174","7,099","7,388","7,916","8,306","8,838","9,031","9,205"
Rutland,693,717,692,758,724,754,726,733,773,832,863,857
Nottingham,"8,475","8,898","8,694","8,990","9,427","9,770","10,098","10,763","10,986","10,715","11,273","11,413"
Amber Valley,"2,249","2,283","2,167","2,302","2,329","2,340","2,439","2,531","2,570","2,731","2,804","2,806"
Bolsover,"1,889","2,396","2,164","2,258","2,473","2,588","2,770","3,027","3,076","3,615","3,586","2,975"
Chesterfield,"1,896","1,923","1,865","2,079","2,124","2,232","2,207","2,261","2,444","2,500","2,566","2,699"
Derbyshire Dales,"1,354","1,384","1,316","1,470","1,539","1,615","1,575","1,637","1,602","1,763","1,890","1,929"
Erewash,"1,384","1,390","1,328","1,429","1,520","1,547","1,617","1,616","1,688","1,793","1,877","1,832"
High Peak,"1,456","1,452","1,368","1,420","1,498","1,519","1,473","1,464","1,526","1,616","1,709","1,687"
North East Derbyshire,"1,106","1,143","1,089","1,177","1,239","1,255","1,308","1,411","1,547","1,556","1,582","2,334"
South Derbyshire,"1,838","1,891","1,777","2,053","2,152","2,212","2,657","2,780","2,652","2,978","3,080","2,719"
Blaby,"2,780","2,907","3,042","3,052","2,964","3,276","3,562","3,729","3,700","3,652","3,847","4,173"
Charnwood,"3,139","3,303","3,188","3,310","3,291","3,379","3,354","3,439","3,579","3,888","3,899","4,004"
Harborough,"1,859","1,894","1,790","1,909","1,910","1,998","1,811","1,968","2,118","2,167","2,340","2,366"
Hinckley and Bosworth,"1,864","1,956","1,802","1,920","1,956","2,077","2,238","2,365","2,407","2,427","2,586","2,573"
Melton,951,969,963,"1,031","1,018","1,068","1,098","1,076","1,215","1,268","1,257","1,331"
North West Leicestershire,"2,633","2,669","2,560","2,739","2,728","2,920","3,204","3,357","3,490","3,605","3,636","3,982"
Oadby and Wigston,804,835,816,845,843,891,924,884,933,943,929,974
Boston,"1,095","1,130","1,106","1,143","1,202","1,223","1,339","1,415","1,432","1,521","1,574","1,584"
East Lindsey,"1,948","2,054","1,965","2,045","2,157","2,219","2,381","2,354","2,466","2,495","2,573","2,522"
Lincoln,"3,104","2,668","3,113","3,210","3,027","3,192","3,269","3,233","3,352","3,178","3,155","3,496"
North Kesteven,"1,864","1,937","1,858","1,907","1,968","2,116","2,148","2,231","2,248","2,270","2,519","2,534"
South Holland,"1,546","1,579","1,564","1,599","1,649","1,766","1,886","1,924","1,973","2,123","2,271","2,369"
South Kesteven,"2,504","2,622","2,527","2,617","2,664","2,816","2,964","3,131","3,078","3,189","3,375","3,388"
West Lindsey,"1,184","1,257","1,186","1,227","1,263","1,363","1,488","1,553","1,569","1,564","1,622","1,733"
Corby,"1,222","1,267","1,224","1,311","1,302","1,375","1,467","1,584","1,621","2,017","2,366","2,303"
Daventry,"1,690","1,776","1,637","1,756","1,798","1,868","1,982","2,059","2,096","2,192","2,330","2,545"
East Northamptonshire,"1,186","1,210","1,150","1,207","1,233","1,229","1,279","1,305","1,412","1,486","1,525","1,601"
Kettering,"1,607","1,663","1,619","1,722","1,744","1,906","2,006","2,110","2,136","2,261","2,358","2,475"
Northampton,"6,592","6,626","6,571","6,680","6,935","6,928","7,344","7,677","8,111","8,186","8,324","8,453"
South Northamptonshire,"1,473","1,530","1,459","1,517","1,536","1,619","1,753","1,825","1,873","2,015","2,124","2,178"
Wellingborough,"1,444","1,493","1,433","1,532","1,521","1,607","1,676","1,756","1,787","1,873","1,985","1,999"
Ashfield,"2,221","2,305","2,241","2,319","2,395","2,325","2,625","2,821","2,770","2,840","2,818","2,957"
Bassetlaw,"1,855","1,889","1,851","1,938","2,023","2,139","2,252","2,260","2,358","2,418","2,393","2,508"
Broxtowe,"1,907","1,957","1,923","2,087","2,236","2,319","2,371","2,388","2,514","2,506","2,699","2,783"
Gedling,"1,604","1,661","1,516","1,630","1,704","1,886","1,949","1,760","1,854","1,906","2,002","2,030"
Mansfield,"1,417","1,446","1,365","1,420","1,492","1,520","1,526","1,582","1,644","1,702","1,742","1,838"
Newark and Sherwood,"1,938","1,978","1,939","2,032","2,158","2,291","2,331","2,369","2,507","2,588","2,677","2,795"
Rushcliffe,"2,053","2,147","2,051","2,053","2,081","2,130","2,275","2,305","2,270","2,442","2,593","2,823"
"Herefordshire, County of","3,291","3,436","3,315","3,344","3,585","3,745","3,863","4,191","4,120","4,283","4,437","4,478"
Telford and Wrekin,"3,771","3,898","3,650","3,839","3,898","3,727","3,848","3,939","3,976","4,582","5,113","5,386"
Stoke-on-Trent,"4,444","4,749","4,655","4,802","4,957","5,084","6,486","6,570","6,674","7,301","7,823","8,013"
Shropshire,"6,392","6,325","6,404","6,751","6,821","6,915","6,362","6,506","6,699","7,093","7,382","7,465"
Cannock Chase,"1,707","1,736","1,618","1,662","1,722","1,870","1,901","2,037","2,125","2,074","2,215","2,364"
East Staffordshire,"3,605","3,724","3,448","3,690","3,872","4,136","4,237","4,200","4,521","4,439","4,178","4,188"
Lichfield,"2,131","2,223","2,142","2,294","2,391","2,089","2,162","2,309","2,492","2,574","2,668","2,521"
Newcastle-under-Lyme,"1,824","1,902","1,816","1,907","1,989","2,071","2,102","2,189","2,303","2,332","2,352","2,418"
South Staffordshire,"1,427","1,474","1,385","1,472","1,529","1,558","1,643","1,626","1,720","1,839","1,947","2,317"
Stafford,"2,385","2,487","2,385","2,495","2,620","3,081","3,044","3,152","3,037","3,219","3,248","3,491"
Staffordshire Moorlands,"1,371","1,402","1,305","1,384","1,420","1,457","1,593","1,612","1,571","1,539","1,632","1,709"
Tamworth,"1,304","1,310","1,242","1,307","1,336","1,341","1,337","1,414","1,511","1,613","1,681","1,791"
North Warwickshire,"1,855","1,883","1,814","1,922","2,037","2,249","2,397","2,416","2,653","2,656","2,731","3,160"
Nuneaton and Bedworth,"1,473","1,530","1,430","1,486","1,704","1,761","1,977","2,127","2,255","2,174","2,453","2,495"
Rugby,"2,457","2,519","2,335","2,460","2,690","2,616","2,589","2,818","2,875","3,030","3,314","3,371"
Stratford-on-Avon,"3,179","3,242","2,994","3,195","3,457","3,787","4,155","4,220","4,372","4,527","5,089","5,212"
Warwick,"4,011","4,143","4,115","4,264","4,480","4,509","5,071","5,518","5,887","6,314","6,696","6,941"
Bromsgrove,"1,971","2,099","2,159","2,182","2,342","2,675","2,706","2,688","2,595","2,741","3,171","3,132"
Malvern Hills,"1,304","1,355","1,298","1,371","1,435","1,467","1,456","1,552","1,547","1,546","1,636","1,712"
Redditch,"1,590","1,724","1,553","1,628","1,761","1,824","1,860","2,071","2,263","2,451","2,451","2,480"
Worcester,"2,253","2,312","2,257","2,337","2,441","2,683","2,878","2,943","3,211","2,833","3,018","3,083"
Wychavon,"2,063","2,167","2,036","2,085","2,202","2,316","2,459","2,596","2,744","2,709","2,849","2,959"
Wyre Forest,"1,322","1,347","1,281","1,304","1,343","1,395","1,437","1,488","1,574","1,619","1,565","1,693"
Birmingham,"22,513","22,806","22,196","22,884","23,596","23,830","25,785","27,072","27,694","29,346","30,114","31,920"
Coventry,"6,918","7,024","6,953","7,320","7,707","8,286","8,554","9,312","10,002","10,487","10,177","10,445"
Dudley,"4,981","5,014","4,731","4,898","5,145","5,266","5,241","5,381","5,564","5,749","6,118","6,449"
Sandwell,"4,895","4,926","4,879","5,013","4,966","5,013","5,218","5,768","6,084","6,331","6,571","7,083"
Solihull,"6,070","6,010","5,560","6,186","6,487","6,745","7,013","7,349","8,170","9,270","9,895","10,601"
Walsall,"4,653","4,925","4,666","4,785","5,134","5,046","4,943","5,341","5,470","5,461","5,938","5,501"
Wolverhampton,"4,719","4,728","4,596","4,831","5,079","5,302","5,349","5,120","4,876","5,067","5,298","5,453"
Peterborough,"5,271","5,180","4,787","5,006","5,233","5,505","5,169","5,593","5,598","5,973","6,535","7,240"
Luton,"5,094","5,341","5,089","5,241","5,263","5,105","5,672","6,369","6,695","7,090","7,104","7,524"
Southend-on-Sea,"2,699","2,744","2,717","2,797","2,884","2,908","2,959","3,102","3,198","3,182","3,362","3,449"
Thurrock,"4,967","5,011","4,941","5,262","5,384","4,440","3,375","3,645","3,950","4,394","4,975","4,749"
Bedford,"3,563","3,729","3,605","3,655","3,681","3,779","3,893","4,197","4,310","6,015","5,326","5,811"
Central Bedfordshire,"4,764","4,916","4,703","4,831","5,045","5,267","5,416","5,895","5,925","6,350","6,969","7,319"
Cambridge,"4,257","4,399","4,495","4,596","4,762","5,252","5,490","5,659","6,132","5,991","6,071","6,483"
East Cambridgeshire,"1,441","1,512","1,512","1,554","1,634","1,664","1,738","1,810","1,925","1,978","2,109","2,123"
Fenland,"1,453","1,485","1,497","1,570","1,632","1,725","1,808","1,953","1,911","1,953","2,041","2,096"
Huntingdonshire,"3,484","3,574","3,516","3,723","3,823","3,888","3,951","4,119","4,281","4,609","4,696","4,874"
South Cambridgeshire,"3,835","3,945","3,854","4,069","4,182","4,370","4,292","4,618","4,790","5,191","5,649","5,946"
Basildon,"4,597","4,780","4,411","4,772","4,885","5,051","5,521","5,883","5,746","5,908","6,146","6,452"
Braintree,"2,531","2,550","2,475","2,578","2,595","2,626","2,706","3,010","3,281","3,908","4,380","4,152"
Brentwood,"2,217","2,167","2,109","2,166","2,194","2,231","2,274","2,739","3,111","3,106","3,276","3,532"
Castle Point,944,964,912,959,980,"1,026","1,036","1,109","1,174","1,176","1,277","1,262"
Chelmsford,"4,238","4,233","4,175","4,288","4,410","4,668","4,730","4,992","4,835","4,781","5,003","5,353"
Colchester,"3,202","3,261","3,196","3,400","3,553","3,700","3,759","3,948","4,249","4,279","4,537","4,680"
Epping Forest,"3,054","3,033","3,062","3,180","3,238","3,098","3,139","3,207","3,512","4,110","4,345","4,521"
Harlow,"2,150","2,136","1,888","1,983","1,854","2,005","2,067","2,104","2,151","2,210","2,484","2,483"
Maldon,954,980,919,998,984,"1,021","1,042","1,042","1,078","1,117","1,219","1,221"
Rochford,999,"1,023",974,"1,021","1,054","1,093","1,143","1,244","1,259","1,354","1,380","1,371"
Tendring,"1,962","1,969","1,858","1,938","2,034","2,338","2,841","2,724","2,775","3,073","3,759","3,800"
Uttlesford,"1,727","1,775","1,719","1,815","1,887","2,048","2,146","2,173","2,356","2,344","2,361","2,458"
Broxbourne,"2,299","2,519","2,409","2,353","2,366","2,469","2,726","2,991","2,920","2,605","2,601","2,692"
Dacorum,"3,605","3,703","3,531","3,563","3,708","3,867","3,832","3,911","4,093","4,297","4,760","4,867"
Hertsmere,"2,878","2,998","2,975","2,891","2,953","3,165","3,499","3,642","3,835","4,321","4,639","4,771"
North Hertfordshire,"2,667","2,754","2,663","2,719","2,807","2,860","3,117","3,132","3,338","3,454","3,783","3,850"
Three Rivers,"2,803","2,858","2,780","2,865","3,059","2,918","3,217","3,653","3,852","4,386","4,851","5,328"
Watford,"3,241","3,311","3,274","3,209","3,320","3,688","4,027","4,342","4,642","5,062","5,571","5,600"
Breckland,"1,993","2,067","2,071","2,111","2,202","2,186","2,348","2,520","2,711","2,685","2,870","2,726"
Broadland,"2,266","2,460","2,572","2,600","2,598","2,618","2,770","2,845","3,123","3,426","3,746","3,771"
Great Yarmouth,"1,719","1,801","1,758","1,811","1,891","2,062","2,160","2,247","2,205","2,035","1,972","2,026"
King's Lynn and West Norfolk,"2,426","2,494","2,484","2,596","2,697","2,913","3,234","3,238","3,333","3,463","3,526","3,554"
North Norfolk,"1,407","1,456","1,416","1,466","1,518","1,559","1,573","1,665","1,678","1,773","1,843","1,866"
Norwich,"3,336","3,346","3,314","3,382","3,513","3,634","3,999","4,100","4,152","4,244","4,461","4,674"
South Norfolk,"2,319","2,345","2,289","2,381","2,482","2,656","2,563","2,758","2,732","2,819","2,897","2,988"
Babergh,"1,543","1,569","1,516","1,611","1,664","1,690","1,790","1,842","1,822","1,902","1,946","2,005"
Ipswich,"4,025","3,889","3,680","3,672","3,869","3,873","4,407","4,723","4,922","5,300","5,281","5,521"
Mid Suffolk,"1,813","1,908","1,861","1,982","2,203","2,288","2,261","2,319","2,256","2,147","2,350","2,370"
St Albans,"3,809","3,952","3,812","3,911","3,855","4,439","5,133","5,628","5,882","4,545","4,645","4,745"
Welwyn Hatfield,"3,520","3,609","3,396","3,362","3,125","3,299","3,666","3,887","3,961","4,133","4,672","4,922"
East Hertfordshire,"3,679","4,102","3,906","3,713","3,605","3,347","3,398","3,656","3,765","4,248","4,418","4,700"
Stevenage,"2,601","2,668","2,487","2,421","2,332","2,432","2,633","2,759","2,833","2,708","2,884","2,936"
East Suffolk,"4,390","4,425","4,296","4,443","4,589","4,756","4,989","5,136","5,140","5,196","5,476","5,555"
West Suffolk,"4,346","4,509","4,445","4,588","4,780","5,006","5,207","5,235","5,432","5,862","6,011","6,098"
City of London,"48,051","46,673","49,549","50,041","51,545","51,612","56,616","58,365","59,425","64,007","67,124","71,696"
Barking and Dagenham,"3,280","3,332","3,165","3,537","3,585","3,660","3,975","4,020","4,070","3,967","4,016","4,060"
Barnet,"7,448","7,337","7,214","7,196","7,469","8,491","8,461","9,175","9,363","9,803","10,322","10,362"
Bexley,"5,296","5,324","4,823","4,968","5,082","5,733","6,398","6,582","6,696","7,174","6,929","6,848"
Brent,"6,770","6,758","6,741","7,068","7,283","7,439","7,777","8,520","9,211","10,179","9,620","9,843"
Bromley,"7,382","7,306","6,769","6,931","7,122","7,673","7,775","7,948","7,984","8,641","8,779","9,310"
Camden,"17,665","18,214","17,939","18,551","19,678","21,127","22,739","25,391","28,964","32,724","34,015","35,406"
Croydon,"8,790","8,549","8,177","8,129","8,125","8,239","8,692","9,565","9,573","9,540","9,897","10,188"
Ealing,"7,818","7,787","7,193","7,560","7,885","8,205","9,061","9,607","10,184","10,592","10,400","10,396"
Enfield,"6,810","6,794","6,181","6,528","6,770","7,009","7,379","7,763","8,025","8,345","8,249","8,657"
Greenwich,"5,932","6,074","5,056","6,159","5,769","5,243","5,166","5,389","5,588","5,851","6,246","6,299"
Hackney,"4,771","4,961","4,821","5,215","5,593","5,845","5,859","6,622","7,212","8,987","8,336","8,962"
Hammersmith and Fulham,"6,533","6,962","6,670","7,064","7,364","8,489","8,795","9,605","10,330","10,530","11,213","11,437"
Haringey,"3,411","3,524","3,299","3,547","3,712","3,992","4,055","4,432","4,753","4,728","4,822","4,767"
Harrow,"5,122","5,068","4,652","4,854","5,134","4,751","4,861","5,537","5,700","5,927","6,186","5,992"
Havering,"4,977","4,878","4,482","4,704","4,763","5,156","5,376","5,697","5,887","6,181","6,327","6,497"
Hillingdon,"12,490","12,573","11,474","11,992","12,638","13,080","13,940","15,250","15,479","15,248","15,640","15,805"
Hounslow,"11,168","11,659","11,285","11,846","12,353","13,604","15,036","16,771","18,065","18,447","19,185","20,362"
Islington,"13,325","14,003","13,897","14,335","15,041","15,272","16,369","17,699","18,215","18,609","18,984","19,818"
Kensington and Chelsea,"6,632","7,008","6,564","6,891","7,195","8,455","9,499","10,359","10,502","10,359","10,111","10,928"
Kingston upon Thames,"4,437","4,499","4,198","4,233","4,352","4,570","4,389","4,852","4,963","5,507","5,400","5,673"
Lambeth,"9,201","9,721","9,389","10,232","10,716","11,197","11,028","12,421","12,581","13,219","13,954","13,320"
Lewisham,"3,760","3,877","3,696","4,021","4,104","4,020","4,105","4,350","4,758","4,519","4,616","4,544"
Merton,"4,974","4,969","4,568","4,735","4,892","5,224","5,678","5,948","6,130","6,294","6,275","6,330"
Newham,"4,820","5,058","4,876","5,166","5,401","6,010","6,236","6,450","6,795","7,026","7,274","7,436"
Redbridge,"4,533","4,477","4,118","4,293","4,443","4,808","4,939","5,185","5,439","5,654","5,891","5,901"
Richmond upon Thames,"5,431","5,394","5,111","5,254","5,467","6,353","6,618","7,003","7,095","7,467","7,856","8,588"
Southwark,"12,604","13,146","13,118","13,858","15,765","16,319","17,122","17,043","18,009","19,402","19,851","20,901"
Sutton,"4,053","4,066","3,759","3,896","3,955","4,248","4,345","4,436","4,493","4,748","4,914","4,856"
Tower Hamlets,"23,368","24,182","25,798","25,631","27,823","28,318","29,293","30,952","31,799","32,492","35,880","36,078"
Waltham Forest,"3,806","3,788","3,473","3,653","3,812","4,064","4,154","4,469","4,772","4,834","5,008","5,127"
Wandsworth,"6,129","6,242","6,144","6,027","6,819","7,116","8,294","8,775","9,530","8,503","8,630","8,732"
Westminster,"46,025","48,241","47,298","48,810","51,024","53,296","54,153","58,468","58,334","66,089","69,196","72,025"
Medway,"4,248","4,466","4,307","4,531","4,668","5,032","5,144","5,362","5,532","5,708","5,924","6,343"
Bracknell Forest,"4,539","4,700","4,592","4,827","5,050","5,000","4,840","4,966","5,447","5,425","6,090","5,804"
West Berkshire,"5,787","5,972","5,790","5,973","6,234","6,768","7,066","7,131","7,617","7,761","7,865","8,048"
Reading,"6,226","6,569","6,627","6,600","6,962","7,098","7,171","7,266","7,758","8,006","8,132","8,508"
Slough,"7,041","7,273","7,178","7,190","7,651","7,714","8,047","8,402","8,242","8,631","8,134","8,499"
Windsor and Maidenhead,"5,168","5,397","5,304","5,439","5,737","6,025","6,600","6,714","6,929","7,336","8,098","8,030"
Wokingham,"5,146","5,081","5,056","5,195","5,383","5,775","5,485","6,096","6,220","6,684","6,973","7,875"
Milton Keynes,"9,251","9,965","9,639","9,720","10,277","10,387","11,218","12,554","13,507","13,764","14,902","15,685"
Brighton and Hove,"5,822","6,102","5,986","6,086","6,355","6,922","7,485","7,874","8,124","8,474","9,093","9,429"
Portsmouth,"4,627","4,872","4,798","5,023","5,118","5,445","5,647","5,843","5,828","5,913","6,158","6,247"
Southampton,"6,931","6,738","7,195","7,665","8,237","8,310","8,319","7,445","7,921","8,112","8,318","8,521"
Isle of Wight,"2,088","2,179","2,090","2,210","2,286","2,333","2,484","2,632","2,749","2,704","2,754","2,800"
Aylesbury Vale,"3,815","3,995","3,891","3,879","4,117","4,187","4,611","4,734","4,667","4,958","4,925","5,150"
Chiltern,"2,015","2,153","2,069","2,135","2,185","2,288","2,345","2,518","2,668","2,949","2,986","3,182"
South Bucks,"2,196","2,252","2,107","2,244","2,336","2,329","2,350","2,478","2,478","2,438","2,578","2,521"
Wycombe,"4,974","5,121","5,023","5,252","5,473","5,539","5,484","5,689","5,895","5,972","5,894","5,863"
Eastbourne,"1,596","1,683","1,611","1,651","1,745","1,712","1,790","1,836","1,846","2,028","2,107","2,064"
Hastings,"1,246","1,350","1,308","1,364","1,450","1,432","1,453","1,536","1,619","1,722","1,721","1,765"
Lewes,"1,600","1,679","1,603","1,649","1,671","1,679","1,738","1,847","2,005","2,050","2,111","2,153"
Rother,"1,142","1,218","1,136","1,170","1,200","1,208","1,295","1,361","1,464","1,566","1,531","1,488"
Wealden,"2,192","2,313","2,160","2,278","2,342","2,375","2,459","2,615","2,773","2,894","3,051","2,986"
Basingstoke and Deane,"5,774","5,945","6,056","6,248","6,414","6,984","7,448","7,245","7,194","7,100","7,635","8,132"
East Hampshire,"2,605","2,662","2,630","2,842","3,018","3,117","3,082","3,018","2,959","2,700","2,913","2,894"
Eastleigh,"3,212","3,272","3,124","3,307","3,447","3,693","3,727","4,148","4,211","4,310","4,374","4,647"
Fareham,"2,169","2,238","2,130","2,250","2,352","2,568","2,698","3,153","2,974","3,097","3,165","3,244"
Gosport,940,983,950,991,"1,015","1,008","1,076","1,152","1,121","1,162","1,167","1,225"
Hart,"2,859","2,918","2,731","2,913","2,992","2,925","3,148","3,345","3,589","3,884","3,841","3,839"
Havant,"2,335","2,500","2,408","2,668","2,791","2,942","3,093","3,107","3,149","3,204","3,125","2,988"
New Forest,"7,103","6,123","6,356","7,210","7,318","7,384","6,931","6,812","7,283","6,950","7,410","7,369"
Rushmoor,"2,587","2,702","2,643","2,810","2,915","2,937","2,994","3,088","3,389","3,513","3,669","3,960"
Test Valley,"2,611","2,686","2,558","2,737","2,891","2,927","3,109","4,100","3,660","3,798","3,885","4,090"
Winchester,"3,668","3,821","3,735","3,916","4,129","4,325","4,443","4,840","5,215","5,673","5,804","5,754"
Ashford,"2,374","2,500","2,393","2,480","2,600","2,601","2,752","2,919","3,122","3,330","3,363","3,426"
Canterbury,"2,727","2,879","2,762","2,904","2,967","3,072","3,176","3,439","3,417","3,433","3,589","3,659"
Dartford,"2,951","3,106","2,928","3,057","3,145","3,275","3,540","3,779","4,002","4,353","4,092","4,177"
Dover,"1,883","2,009","1,939","2,075","2,139","2,276","2,344","2,435","2,547","2,553","2,605","2,725"
Gravesham,"1,424","1,697","1,533","1,682","1,700","1,692","1,866","1,907","2,008","2,547","2,308","2,423"
Maidstone,"3,255","3,434","3,263","3,416","3,587","3,536","3,724","3,959","4,091","4,371","4,509","4,659"
Sevenoaks,"2,681","2,742","2,547","2,692","2,893","3,332","3,402","3,489","3,807","4,025","4,303","4,408"
Folkestone and Hythe,"1,845","1,938","1,862","1,901","1,972","2,076","2,159","2,124","2,211","2,432","2,532","2,500"
Swale,"2,559","2,676","2,465","2,655","2,747","2,512","2,746","2,866","2,996","3,189","3,224","3,272"
Thanet,"1,841","1,962","1,854","1,941","1,980","2,005","2,083","2,141","2,213","2,297","2,424","2,462"
Tonbridge and Malling,"3,418","3,550","3,435","3,572","3,775","3,746","3,830","3,962","4,103","4,215","4,552","4,605"
Tunbridge Wells,"2,762","2,914","2,867","3,009","3,208","3,095","3,139","3,242","3,643","4,057","4,006","3,908"
Cherwell,"3,785","4,026","3,928","3,990","4,153","4,401","4,533","4,820","5,083","5,250","5,306","5,183"
Oxford,"4,464","4,783","4,729","4,914","5,118","5,402","5,501","6,175","6,436","6,439","6,255","6,391"
South Oxfordshire,"3,168","3,267","3,118","3,304","3,536","3,626","3,865","4,029","4,412","4,193","4,513","4,452"
Vale of White Horse,"3,303","3,443","3,418","3,585","3,701","3,896","4,175","4,192","4,214","4,276","4,431","4,508"
West Oxfordshire,"1,946","2,059","1,952","2,063","2,153","2,293","2,390","2,699","2,635","2,693","2,843","3,623"
Elmbridge,"3,628","3,751","3,580","3,728","3,883","4,029","4,325","5,260","5,707","5,993","6,287","6,422"
Epsom and Ewell,"1,687","1,732","1,725","1,755","1,786","1,828","1,653","1,816","1,879","1,904","1,914","1,895"
Guildford,"3,836","4,024","3,946","4,119","4,167","4,425","4,611","4,671","5,331","5,259","5,085","5,350"
Mole Valley,"3,435","3,643","3,584","3,659","3,761","4,510","4,899","4,888","4,341","4,527","4,444","4,370"
Reigate and Banstead,"6,657","6,590","6,637","6,697","6,776","6,939","7,445","7,061","7,328","7,110","7,114","6,736"
Runnymede,"3,866","4,169","4,277","4,348","4,353","4,994","5,216","5,766","5,562","6,071","6,579","6,518"
Spelthorne,"2,653","2,725","2,674","2,742","2,801","2,857","3,501","3,784","3,768","3,764","3,708","4,145"
Surrey Heath,"2,523","2,592","2,526","2,806","2,825","3,002","3,280","3,093","3,401","3,342","3,362","3,738"
Tandridge,"1,568","1,635","1,523","1,599","1,669","1,675","1,736","1,950","2,091","2,128","2,110","2,062"
Waverley,"3,105","3,204","3,123","3,207","3,312","3,435","3,166","3,298","3,530","3,473","3,767","3,541"
Woking,"3,194","3,267","3,292","3,341","3,401","3,049","3,266","3,731","3,540","3,388","3,662","3,703"
Adur,"1,006","1,042",977,"1,025","1,039","1,134","1,068","1,124","1,228","1,343","1,325","1,328"
Arun,"1,906","2,018","1,893","2,011","2,102","2,159","2,286","2,454","2,456","2,627","2,757","2,760"
Chichester,"2,584","2,746","2,697","2,762","2,916","2,988","3,077","3,107","3,383","3,508","3,627","3,635"
Crawley,"4,064","4,448","4,264","4,434","4,554","4,776","5,147","5,337","5,878","6,184","5,931","6,309"
Horsham,"3,182","3,375","3,166","3,328","3,385","3,129","3,020","3,178","3,325","3,489","3,576","3,668"
Mid Sussex,"2,677","2,807","2,713","2,857","2,931","3,029","3,096","3,199","3,446","3,552","3,756","3,655"
Worthing,"2,661","2,923","2,653","2,920","2,881","3,235","3,355","3,123","3,373","3,666","3,878","3,982"
Bath and North East Somerset,"3,716","3,832","3,721","3,910","3,962","4,095","4,126","4,353","4,366","4,390","4,534","4,595"
"Bristol, City of","11,499","11,935","12,320","12,650","12,791","13,060","13,362","14,250","14,268","15,139","16,174","15,950"
North Somerset,"3,555","3,677","3,531","3,672","3,742","3,976","4,411","4,609","4,754","5,002","5,208","5,454"
South Gloucestershire,"8,815","9,102","8,969","9,364","9,716","9,635","9,937","11,148","10,893","11,734","11,389","12,865"
Plymouth,"4,381","4,568","4,485","4,712","4,895","5,114","5,283","5,490","5,589","5,937","5,971","6,152"
Torbay,"2,111","2,125","2,020","2,098","2,134","2,076","2,195","2,267","2,283","2,399","2,497","2,364"
Swindon,"9,827","10,251","10,273","10,386","10,402","10,308","11,001","11,360","12,071","10,620","10,144","10,244"
Cornwall,"8,809","9,258","8,783","9,090","9,386","9,700","10,008","10,312","10,703","11,360","12,175","12,431"
Isles of Scilly,58,58,58,60,69,74,77,75,100,118,140,124
Wiltshire,"9,400","9,798","9,541","9,898","10,101","11,043","11,318","11,887","11,825","14,159","15,254","15,449"
"Bournemouth, Christchurch and Poole","8,610","8,919","8,965","8,908","9,124","9,273","9,781","9,926","10,276","10,938","11,558","11,586"
Dorset,"6,454","6,875","6,554","6,771","6,901","7,227","7,369","7,885","8,052","8,296","8,800","9,136"
East Devon,"2,346","2,396","2,287","2,404","2,515","2,724","2,567","2,703","2,753","2,837","3,036","3,112"
Exeter,"4,213","4,313","4,337","4,396","4,387","4,489","4,875","4,793","5,201","5,411","5,576","5,770"
Mid Devon,"1,067","1,103","1,059","1,123","1,154","1,219","1,313","1,346","1,418","1,470","1,537","1,590"
North Devon,"1,847","1,885","1,839","1,950","1,983","1,958","2,069","2,119","2,216","2,345","2,367","2,496"
South Hams,"1,748","1,777","1,682","1,781","1,897","1,859","1,909","2,027","2,067","2,132","2,117","2,301"
Teignbridge,"1,898","1,922","1,812","1,959","2,013","2,037","2,160","2,357","2,437","2,545","2,777","2,664"
Torridge,850,887,850,898,918,962,"1,004","1,013","1,015","1,074","1,148","1,112"
West Devon,749,766,729,756,769,761,810,832,856,895,929,928
Cheltenham,"2,519","2,600","2,587","3,117","3,193","3,189","2,936","3,225","3,246","2,910","3,019","3,252"
Cotswold,"2,718","2,711","2,694","2,811","2,785","2,783","3,093","3,151","3,119","3,547","3,636","4,008"
Forest of Dean,"1,291","1,330","1,235","1,330","1,420","1,625","1,662","1,780","1,727","1,498","1,678","1,731"
Gloucester,"2,941","2,983","3,019","3,176","3,129","3,206","3,127","3,327","3,512","3,473","3,599","3,564"
Stroud,"2,015","2,045","1,969","2,188","2,254","2,366","2,373","2,457","2,502","2,794","2,889","3,140"
Tewkesbury,"2,038","2,050","2,012","2,156","2,237","2,397","2,527","2,677","2,911","2,606","3,032","2,906"
Mendip,"2,306","2,450","2,352","2,398","2,499","2,429","2,367","2,434","2,490","2,641","2,685","2,649"
Sedgemoor,"1,768","1,831","1,784","1,856","1,934","2,075","2,100","2,218","2,345","2,431","2,689","2,890"
South Somerset,"3,026","3,131","3,020","3,180","3,303","3,370","3,346","3,593","3,562","3,423","3,677","3,787"
Somerset West and Taunton,"2,932","3,002","2,911","2,935","3,045","3,015","3,142","3,396","3,444","3,625","3,717","3,833"
Isle of Anglesey,989,974,909,927,970,"1,028","1,016","1,018","1,056","1,140","1,176","1,244"
Gwynedd,"2,419","2,488","2,435","2,443","2,607","2,640","2,585","2,674","2,819","2,825","2,915","3,001"
Conwy,"1,505","1,503","1,424","1,490","1,587","1,685","1,780","1,856","1,963","2,030","2,141","2,280"
Denbighshire,"1,554","1,571","1,502","1,567","1,650","1,656","1,750","1,837","1,827","1,910","2,015","2,051"
Flintshire,"2,927","2,948","2,899","3,069","3,255","3,366","3,451","3,489","3,715","3,961","3,797","3,973"
Wrexham,"2,752","2,712","2,753","2,907","2,993","3,096","3,216","3,200","3,272","3,249","3,370","3,491"
Ceredigion,"1,211","1,228","1,206","1,260","1,338","1,323","1,382","1,338","1,430","1,486","1,527","1,519"
Pembrokeshire,"3,286","3,201","3,066","3,250","3,307","3,613","3,662","3,644","3,688","3,851","3,892","3,968"
Carmarthenshire,"2,630","2,662","2,540","2,669","2,778","3,019","3,146","3,218","3,330","3,487","3,504","3,601"
Swansea,"4,329","4,428","4,436","4,497","4,662","4,863","5,116","5,588","5,446","5,822","5,903","6,073"
Neath Port Talbot,"1,955","2,019","1,935","2,174","2,224","2,300","2,456","2,462","2,509","2,596","2,828","3,076"
Bridgend,"2,671","2,685","2,509","2,669","2,832","2,860","2,987","3,143","3,183","3,190","3,424","3,563"
Vale of Glamorgan,"1,967","2,025","2,036","2,062","2,282","2,415","2,617","2,607","2,673","2,718","2,790","2,824"
Cardiff,"9,272","9,161","9,189","9,230","9,751","10,089","10,439","10,907","11,278","12,023","12,603","12,974"
Rhondda Cynon Taf,"3,220","3,295","3,241","3,445","3,617","3,775","3,919","4,081","4,097","4,225","4,289","4,174"
Caerphilly,"2,323","2,340","2,283","2,409","2,601","2,495","2,681","2,775","2,990","3,123","3,166","3,311"
Blaenau Gwent,791,785,751,785,851,920,913,900,950,955,"1,048","1,087"
Torfaen,"1,418","1,426","1,363","1,438","1,525","1,520","1,631","1,631","1,664","1,598","1,685","1,759"
Monmouthshire,"2,182","2,195","2,128","2,118","2,172","2,267","2,370","2,365","2,516","2,495","2,521","2,675"
Newport,"3,436","3,316","3,262","3,323","3,469","3,516","3,470","3,547","3,618","4,017","4,142","4,457"
Powys,"2,098","2,043","2,007","2,020","2,093","2,176","2,324","2,317","2,450","2,608","2,585","2,590"
Merthyr Tydfil,965,970,957,967,"1,023",946,"1,031","1,050","1,097","1,128","1,182","1,217"
Clackmannanshire,890,916,874,855,898,898,910,"1,001","1,088","1,132","1,114","1,173"
Dumfries and Galloway,"2,546","2,669","2,615","2,611","2,707","2,782","2,966","3,102","3,071","3,211","3,345","3,406"
East Ayrshire,"1,643","1,704","1,654","1,647","1,680","1,755","1,718","1,841","1,844","1,889","1,967","1,964"
East Lothian,"1,386","1,399","1,337","1,400","1,474","1,538","1,703","1,765","1,823","1,888","1,954","2,043"
East Renfrewshire,819,870,814,870,887,991,"1,088","1,145","1,188","1,183","1,298","1,302"
Na h-Eileanan Siar,527,550,550,606,631,623,607,615,605,591,613,645
Falkirk,"3,403","3,541","3,503","3,474","3,689","3,750","5,508","5,669","5,955","6,052","4,783","5,430"
Highland,"5,004","5,201","5,070","5,389","5,666","5,859","6,219","6,340","6,427","6,684","6,977","7,133"
Inverclyde,"1,263","1,330","1,292","1,283","1,354","1,312","1,322","1,438","1,411","1,469","1,483","1,379"
Midlothian,"1,142","1,187","1,131","1,159","1,235","1,293","1,440","1,532","1,618","1,706","1,759","1,841"
Moray,"1,927","2,141","2,153","2,164","2,315","2,273","2,372","2,340","2,379","2,392","2,610","2,626"
North Ayrshire,"1,811","1,900","1,836","1,919","1,957","2,044","2,198","2,281","2,264","2,346","2,329","2,376"
Orkney Islands,577,603,621,667,700,717,659,650,676,659,687,708
Scottish Borders,"1,686","1,753","1,715","1,767","1,824","1,888","1,966","2,146","2,144","2,226","2,369","2,447"
Shetland Islands,686,722,777,812,829,810,849,927,860,806,881,840
South Ayrshire,"1,842","1,951","1,921","1,991","2,029","1,974","1,934","2,126","2,199","2,292","2,376","2,396"
South Lanarkshire,"4,869","5,153","5,030","4,972","5,187","5,327","5,662","5,926","5,936","6,154","6,363","6,410"
Stirling,"2,533","2,484","2,454","2,455","2,380","2,516","2,700","2,673","2,674","2,683","2,919","2,959"
Aberdeen City,"9,480","10,329","10,222","10,634","10,981","11,843","12,640","12,873","12,333","11,263","11,084","11,599"
Aberdeenshire,"6,173","6,588","6,375","6,518","6,936","7,115","7,640","8,159","8,309","8,138","8,290","8,410"
Argyll and Bute,"1,699","1,775","1,774","1,801","1,903","2,013","1,997","2,073","2,015","2,041","2,189","2,190"
City of Edinburgh,"18,417","18,246","18,775","18,349","18,731","19,787","20,726","21,537","22,084","23,886","25,162","26,560"
Renfrewshire,"3,400","3,592","3,496","3,549","3,709","3,727","3,872","4,179","4,358","4,202","4,354","4,599"
West Dunbartonshire,"1,539","1,607","1,572","1,595","1,672","1,659","1,669","1,841","1,859","1,897","2,071","2,055"
West Lothian,"6,297","6,518","6,444","6,655","6,828","4,361","4,216","4,442","4,923","4,998","5,192","5,345"
Angus,"1,847","1,862","1,780","1,811","1,867","2,082","2,148","2,295","2,211","2,410","2,158","2,240"
Dundee City,"3,138","3,196","3,144","3,237","3,350","5,728","4,278","4,309","3,860","3,854","3,974","4,015"
North Lanarkshire,"5,685","6,019","5,834","5,921","6,093","6,441","6,783","7,546","7,600","7,862","8,416","8,659"
East Dunbartonshire,"1,358","1,466","1,511","1,478","1,498","1,288","1,322","1,435","1,519","1,556","1,637","1,729"
Glasgow City,"17,730","18,190","17,926","17,529","18,244","18,778","19,602","20,045","20,275","20,941","21,658","22,510"
Fife,"6,681","6,954","6,711","6,838","7,058","6,914","7,325","7,691","7,985","8,237","9,845","9,559"
Perth and Kinross,"3,474","3,527","3,636","3,644","3,787","4,028","4,394","4,606","4,751","4,832","4,825","4,752"
Antrim and Newtownabbey,"2,738","2,725","2,610","2,682","2,822","2,872","2,922","3,151","3,254","3,390","3,596","3,578"
"Armagh City, Banbridge and Craigavon","3,412","3,401","3,312","3,398","3,518","3,583","3,796","3,929","4,086","4,389","4,547","4,584"
Belfast,"11,115","11,239","11,269","11,071","11,469","11,770","12,169","12,497","13,012","13,654","14,731","15,156"
Causeway Coast and Glens,"2,139","2,139","2,071","2,142","2,279","2,340","2,364","2,435","2,373","2,489","2,677","2,650"
Derry City and Strabane,"2,355","2,395","2,362","2,377","2,489","2,580","2,667","2,686","2,667","2,970","3,157","3,217"
Fermanagh and Omagh,"1,955","1,952","1,877","1,883","1,920","2,016","2,056","2,167","2,195","2,331","2,478","2,445"
Lisburn and Castlereagh,"2,563","2,561","2,514","2,542","2,653","2,847","3,022","3,068","3,284","3,366","3,494","3,742"
Mid and East Antrim,"3,239","3,469","3,671","3,631","3,556","3,812","3,788","3,805","4,578","4,764","4,813","4,147"
Mid Ulster,"2,726","2,604","2,385","2,521","2,605","2,697","2,823","2,966","3,006","3,188","3,453","3,635"
"Newry, Mourne and Down","2,398","2,431","2,328","2,361","2,502","2,663","2,738","2,909","2,965","3,136","3,345","3,314"
Ards and North Down,"1,897","1,904","1,787","1,813","1,914","2,006","1,981","2,087","2,080","2,238","2,378","2,419"
,,,,,,,,,,,,
,,,,,,,,,,,,
,,,,,,,,,,,,
,,,,,,,,,,,,
,,,,,,,,,,,,
,,,,,,,,,,,,
,,,,,,,,,,,,
,,,,,,,,,,,,
,,,,,,,,,,,,
,,,,,,,,,,,,
,,,,,,,,,,,,
,,,,,,,,,,,,
,,,,,,,,,,,,
,,,,,,,,,,,,
,,,,,,,,,,,,
,,,,,,,,,,,,
,,,,,,,,,,,,
,,,,,,,,,,,,
,,,,,,,,,,,,
,,,,,,,,,,,,
,,,,,,,,,,,,
,,,,,,,,,,,,
,,,,,,,,,,,,
,,,,,,,,,,,,
,,,,,,,,,,,,
,,,,,,,,,,,,
,,,,,,,,,,,,
,,,,,,,,,,,,
,,,,,,,,,,,,
,,,,,,,,,,,,
,,,,,,,,,,,,
,,,,,,,,,,,,
,,,,,,,,,,,,
,,,,,,,,,,,,
,,,,,,,,,,,,
,,,,,,,,,,,,
,,,,,,,,,,,,
,,,,,,,,,,,,
,,,,,,,,,,,,
,,,,,,,,,,,,
,,,,,,,,,,,,
,,,,,,,,,,,,
,,,,,,,,,,,,
,,,,,,,,,,,,
,,,,,,,,,,,,
,,,,,,,,,,,,
,,,,,,,,,,,,
,,,,,,,,,,,,
,,,,,,,,,,,,
,,,,,,,,,,,,
,,,,,,,,,,,,
,,,,,,,,,,,,
,,,,,,,,,,,,
,,,,,,,,,,,,
,,,,,,,,,,,,
,,,,,,,,,,,,
,,,,,,,,,,,,
,,,,,,,,,,,,
,,,,,,,,,,,,
,,,,,,,,,,,,
,,,,,,,,,,,,
,,,,,,,,,,,,
,,,,,,,,,,,,
,,,,,,,,,,,,
,,,,,,,,,,,,
,,,,,,,,,,,,
,,,,,,,,,,,,
,,,,,,,,,,,,
,,,,,,,,,,,,
,,,,,,,,,,,,
,,,,,,,,,,,,
,,,,,,,,,,,,
,,,,,,,,,,,,
,,,,,,,,,,,,
,,,,,,,,,,,,
,,,,,,,,,,,,
,,,,,,,,,,,,
,,,,,,,,,,,,
,,,,,,,,,,,,
,,,,,,,,,,,,
,,,,,,,,,,,,
,,,,,,,,,,,,
,,,,,,,,,,,,
,,,,,,,,,,,,
,,,,,,,,,,,,
,,,,,,,,,,,,
,,,,,,,,,,,,
,,,,,,,,,,,,
,,,,,,,,,,,,
,,,,,,,,,,,,
,,,,,,,,,,,,
,,,,,,,,,,,,
,,,,,,,,,,,,
,,,,,,,,,,,,
,,,,,,,,,,,,
,,,,,,,,,,,,
,,,,,,,,,,,,
,,,,,,,,,,,,
,,,,,,,,,,,,
,,,,,,,,,,,,
,,,,,,,,,,,,
,,,,,,,,,,,,
,,,,,,,,,,,,
,,,,,,,,,,,,
,,,,,,,,,,,,
,,,,,,,,,,,,
,,,,,,,,,,,,
,,,,,,,,,,,,
,,,,,,,,,,,,
,,,,,,,,,,,,
,,,,,,,,,,,,
,,,,,,,,,,,,
,,,,,,,,,,,,
,,,,,,,,,,,,
,,,,,,,,,,,,
,,,,,,,,,,,,
,,,,,,,,,,,,
,,,,,,,,,,,,
,,,,,,,,,,,,
,,,,,,,,,,,,
,,,,,,,,,,,,
,,,,,,,,,,,,
,,,,,,,,,,,,
,,,,,,,,,,,,
,,,,,,,,,,,,
,,,,,,,,,,,,
,,,,,,,,,,,,
,,,,,,,,,,,,
,,,,,,,,,,,,
,,,,,,,,,,,,
,,,,,,,,,,,,
,,,,,,,,,,,,
,,,,,,,,,,,,
,,,,,,,,,,,,
,,,,,,,,,,,,
,,,,,,,,,,,,
,,,,,,,,,,,,
,,,,,,,,,,,,
,,,,,,,,,,,,
,,,,,,,,,,,,
,,,,,,,,,,,,
,,,,,,,,,,,,
,,,,,,,,,,,,
,,,,,,,,,,,,
,,,,,,,,,,,,
,,,,,,,,,,,,
,,,,,,,,,,,,
,,,,,,,,,,,,
,,,,,,,,,,,,
,,,,,,,,,,,,
,,,,,,,,,,,,
,,,,,,,,,,,,
,,,,,,,,,,,,
,,,,,,,,,,,,
,,,,,,,,,,,,
,,,,,,,,,,,,
,,,,,,,,,,,,
,,,,,,,,,,,,
,,,,,,,,,,,,
,,,,,,,,,,,,
,,,,,,,,,,,,
,,,,,,,,,,,,
,,,,,,,,,,,,
,,,,,,,,,,,,
,,,,,,,,,,,,
,,,,,,,,,,,,
,,,,,,,,,,,,
,,,,,,,,,,,,
,,,,,,,,,,,,
,,,,,,,,,,,,
,,,,,,,,,,,,
,,,,,,,,,,,,
,,,,,,,,,,,,
,,,,,,,,,,,,
,,,,,,,,,,,,
,,,,,,,,,,,,
,,,,,,,,,,,,
,,,,,,,,,,,,
,,,,,,,,,,,,
,,,,,,,,,,,,
,,,,,,,,,,,,
,,,,,,,,,,,,
,,,,,,,,,,,,
,,,,,,,,,,,,
,,,,,,,,,,,,
,,,,,,,,,,,,
,,,,,,,,,,,,
,,,,,,,,,,,,
,,,,,,,,,,,,
,,,,,,,,,,,,
,,,,,,,,,,,,
,,,,,,,,,,,,
,,,,,,,,,,,,
,,,,,,,,,,,,
,,,,,,,,,,,,
,,,,,,,,,,,,
,,,,,,,,,,,,
,,,,,,,,,,,,
,,,,,,,,,,,,
,,,,,,,,,,,,
,,,,,,,,,,,,
,,,,,,,,,,,,
,,,,,,,,,,,,
,,,,,,,,,,,,
,,,,,,,,,,,,
,,,,,,,,,,,,
,,,,,,,,,,,,
,,,,,,,,,,,,
,,,,,,,,,,,,
,,,,,,,,,,,,
,,,,,,,,,,,,
,,,,,,,,,,,,
,,,,,,,,,,,,
,,,,,,,,,,,,
,,,,,,,,,,,,
,,,,,,,,,,,,
,,,,,,,,,,,,
,,,,,,,,,,,,
,,,,,,,,,,,,
,,,,,,,,,,,,
,,,,,,,,,,,,
,,,,,,,,,,,,
,,,,,,,,,,,,
,,,,,,,,,,,,
,,,,,,,,,,,,
,,,,,,,,,,,,
,,,,,,,,,,,,
,,,,,,,,,,,,
,,,,,,,,,,,,
,,,,,,,,,,,,
,,,,,,,,,,,,
,,,,,,,,,,,,
,,,,,,,,,,,,
,,,,,,,,,,,,
,,,,,,,,,,,,
,,,,,,,,,,,,
,,,,,,,,,,,,
,,,,,,,,,,,,
,,,,,,,,,,,,
,,,,,,,,,,,,
,,,,,,,,,,,,
,,,,,,,,,,,,
,,,,,,,,,,,,
,,,,,,,,,,,,
,,,,,,,,,,,,
,,,,,,,,,,,,
,,,,,,,,,,,,
,,,,,,,,,,,,
,,,,,,,,,,,,
,,,,,,,,,,,,
,,,,,,,,,,,,
,,,,,,,,,,,,
,,,,,,,,,,,,
,,,,,,,,,,,,
,,,,,,,,,,,,
,,,,,,,,,,,,
,,,,,,,,,,,,
,,,,,,,,,,,,
,,,,,,,,,,,,
,,,,,,,,,,,,
,,,,,,,,,,,,
,,,,,,,,,,,,
,,,,,,,,,,,,
,,,,,,,,,,,,
,,,,,,,,,,,,
,,,,,,,,,,,,
,,,,,,,,,,,,
,,,,,,,,,,,,
,,,,,,,,,,,,
,,,,,,,,,,,,
,,,,,,,,,,,,
,,,,,,,,,,,,
,,,,,,,,,,,,
,,,,,,,,,,,,
,,,,,,,,,,,,
,,,,,,,,,,,,
,,,,,,,,,,,,
,,,,,,,,,,,,
,,,,,,,,,,,,
,,,,,,,,,,,,
,,,,,,,,,,,,
,,,,,,,,,,,,
,,,,,,,,,,,,
,,,,,,,,,,,,
,,,,,,,,,,,,
,,,,,,,,,,,,
,,,,,,,,,,,,
,,,,,,,,,,,,
,,,,,,,,,,,,
,,,,,,,,,,,,
,,,,,,,,,,,,
,,,,,,,,,,,,
,,,,,,,,,,,,
,,,,,,,,,,,,
,,,,,,,,,,,,
,,,,,,,,,,,,
,,,,,,,,,,,,
,,,,,,,,,,,,
,,,,,,,,,,,,
,,,,,,,,,,,,
,,,,,,,,,,,,
,,,,,,,,,,,,
,,,,,,,,,,,,
,,,,,,,,,,,,
,,,,,,,,,,,,
,,,,,,,,,,,,
,,,,,,,,,,,,
,,,,,,,,,,,,
,,,,,,,,,,,,
,,,,,,,,,,,,
,,,,,,,,,,,,
,,,,,,,,,,,,
,,,,,,,,,,,,
,,,,,,,,,,,,
,,,,,,,,,,,,
,,,,,,,,,,,,
,,,,,,,,,,,,
,,,,,,,,,,,,
,,,,,,,,,,,,
,,,,,,,,,,,,
,,,,,,,,,,,,
,,,,,,,,,,,,
,,,,,,,,,,,,
,,,,,,,,,,,,
,,,,,,,,,,,,
,,,,,,,,,,,,
,,,,,,,,,,,,
,,,,,,,,,,,,
,,,,,,,,,,,,
,,,,,,,,,,,,
,,,,,,,,,,,,
,,,,,,,,,,,,
,,,,,,,,,,,,
,,,,,,,,,,,,
,,,,,,,,,,,,
,,,,,,,,,,,,
,,,,,,,,,,,,
,,,,,,,,,,,,
,,,,,,,,,,,,
,,,,,,,,,,,,
,,,,,,,,,,,,
,,,,,,,,,,,,
,,,,,,,,,,,,
,,,,,,,,,,,,
,,,,,,,,,,,,
,,,,,,,,,,,,
,,,,,,,,,,,,
,,,,,,,,,,,,
,,,,,,,,,,,,
,,,,,,,,,,,,
,,,,,,,,,,,,
,,,,,,,,,,,,
,,,,,,,,,,,,
,,,,,,,,,,,,
,,,,,,,,,,,,
,,,,,,,,,,,,
,,,,,,,,,,,,
,,,,,,,,,,,,
,,,,,,,,,,,,
,,,,,,,,,,,,
,,,,,,,,,,,,
,,,,,,,,,,,,
,,,,,,,,,,,,
,,,,,,,,,,,,
,,,,,,,,,,,,
,,,,,,,,,,,,
,,,,,,,,,,,,
,,,,,,,,,,,,
,,,,,,,,,,,,
,,,,,,,,,,,,
,,,,,,,,,,,,
,,,,,,,,,,,,
,,,,,,,,,,,,
,,,,,,,,,,,,
,,,,,,,,,,,,
,,,,,,,,,,,,
,,,,,,,,,,,,
,,,,,,,,,,,,
,,,,,,,,,,,,
,,,,,,,,,,,,
,,,,,,,,,,,,
,,,,,,,,,,,,
,,,,,,,,,,,,
,,,,,,,,,,,,
,,,,,,,,,,,,
,,,,,,,,,,,,
,,,,,,,,,,,,
,,,,,,,,,,,,
,,,,,,,,,,,,
,,,,,,,,,,,,
,,,,,,,,,,,,
,,,,,,,,,,,,
,,,,,,,,,,,,
,,,,,,,,,,,,
,,,,,,,,,,,,
,,,,,,,,,,,,
,,,,,,,,,,,,
,,,,,,,,,,,,
,,,,,,,,,,,,
,,,,,,,,,,,,
,,,,,,,,,,,,
,,,,,,,,,,,,
,,,,,,,,,,,,
,,,,,,,,,,,,
,,,,,,,,,,,,
,,,,,,,,,,,,
,,,,,,,,,,,,
,,,,,,,,,,,,
,,,,,,,,,,,,
,,,,,,,,,,,,
,,,,,,,,,,,,
,,,,,,,,,,,,
,,,,,,,,,,,,
,,,,,,,,,,,,
,,,,,,,,,,,,
,,,,,,,,,,,,
,,,,,,,,,,,,
,,,,,,,,,,,,
,,,,,,,,,,,,
,,,,,,,,,,,,
,,,,,,,,,,,,
,,,,,,,,,,,,
,,,,,,,,,,,,
,,,,,,,,,,,,
,,,,,,,,,,,,
,,,,,,,,,,,,
,,,,,,,,,,,,
,,,,,,,,,,,,
,,,,,,,,,,,,
,,,,,,,,,,,,
,,,,,,,,,,,,
,,,,,,,,,,,,
,,,,,,,,,,,,
,,,,,,,,,,,,
,,,,,,,,,,,,
,,,,,,,,,,,,
,,,,,,,,,,,,
,,,,,,,,,,,,
,,,,,,,,,,,,
,,,,,,,,,,,,
,,,,,,,,,,,,
,,,,,,,,,,,,
,,,,,,,,,,,,
,,,,,,,,,,,,
,,,,,,,,,,,,
,,,,,,,,,,,,
,,,,,,,,,,,,
,,,,,,,,,,,,
,,,,,,,,,,,,
,,,,,,,,,,,,
,,,,,,,,,,,,
,,,,,,,,,,,,
,,,,,,,,,,,,
,,,,,,,,,,,,
,,,,,,,,,,,,
,,,,,,,,,,,,
,,,,,,,,,,,,
,,,,,,,,,,,,
,,,,,,,,,,,,
,,,,,,,,,,,,
,,,,,,,,,,,,
,,,,,,,,,,,,
,,,,,,,,,,,,
,,,,,,,,,,,,
,,,,,,,,,,,,
,,,,,,,,,,,,
,,,,,,,,,,,,
,,,,,,,,,,,,
,,,,,,,,,,,,
,,,,,,,,,,,,
,,,,,,,,,,,,
,,,,,,,,,,,,
,,,,,,,,,,,,
,,,,,,,,,,,,
,,,,,,,,,,,,
,,,,,,,,,,,,
,,,,,,,,,,,,
,,,,,,,,,,,,
,,,,,,,,,,,,
,,,,,,,,,,,,
,,,,,,,,,,,,
,,,,,,,,,,,,
,,,,,,,,,,,,
,,,,,,,,,,,,
,,,,,,,,,,,,
,,,,,,,,,,,,
,,,,,,,,,,,,
,,,,,,,,,,,,
,,,,,,,,,,,,
,,,,,,,,,,,,
,,,,,,,,,,,,
,,,,,,,,,,,,
,,,,,,,,,,,,
,,,,,,,,,,,,
,,,,,,,,,,,,
,,,,,,,,,,,,
,,,,,,,,,,,,
,,,,,,,,,,,,
,,,,,,,,,,,,
,,,,,,,,,,,,
,,,,,,,,,,,,
,,,,,,,,,,,,
,,,,,,,,,,,,
,,,,,,,,,,,,
,,,,,,,,,,,,
,,,,,,,,,,,,
,,,,,,,,,,,,
,,,,,,,,,,,,
,,,,,,,,,,,,
,,,,,,,,,,,,
,,,,,,,,,,,,
,,,,,,,,,,,,
,,,,,,,,,,,,
,,,,,,,,,,,,
,,,,,,,,,,,,
,,,,,,,,,,,,
,,,,,,,,,,,,
,,,,,,,,,,,,
,,,,,,,,,,,,
,,,,,,,,,,,,
,,,,,,,,,,,,
,,,,,,,,,,,,
,,,,,,,,,,,,
,,,,,,,,,,,,
,,,,,,,,,,,,
,,,,,,,,,,,,
,,,,,,,,,,,,
,,,,,,,,,,,,
,,,,,,,,,,,,
,,,,,,,,,,,,
,,,,,,,,,,,,
,,,,,,,,,,,,
,,,,,,,,,,,,
,,,,,,,,,,,,
,,,,,,,,,,,,
,,,,,,,,,,,,
,,,,,,,,,,,,
,,,,,,,,,,,,
,,,,,,,,,,,,
,,,,,,,,,,,,
,,,,,,,,,,,,
,,,,,,,,,,,,
,,,,,,,,,,,,
,,,,,,,,,,,,
,,,,,,,,,,,,
,,,,,,,,,,,,
,,,,,,,,,,,,
,,,,,,,,,,,,
,,,,,,,,,,,,
,,,,,,,,,,,,
,,,,,,,,,,,,
,,,,,,,,,,,,
,,,,,,,,,,,,
,,,,,,,,,,,,
,,,,,,,,,,,,
,,,,,,,,,,,,
,,,,,,,,,,,,
,,,,,,,,,,,,
,,,,,,,,,,,,
,,,,,,,,,,,,
,,,,,,,,,,,,
,,,,,,,,,,,,
,,,,,,,,,,,,
,,,,,,,,,,,,
,,,,,,,,,,,,
,,,,,,,,,,,,
,,,,,,,,,,,,
,,,,,,,,,,,,
,,,,,,,,,,,,
,,,,,,,,,,,,
,,,,,,,,,,,,
,,,,,,,,,,,,
,,,,,,,,,,,,
,,,,,,,,,,,,
,,,,,,,,,,,,
,,,,,,,,,,,,
,,,,,,,,,,,,
,,,,,,,,,,,,
,,,,,,,,,,,,
,,,,,,,,,,,,
,,,,,,,,,,,,
,,,,,,,,,,,,
,,,,,,,,,,,,
,,,,,,,,,,,,
,,,,,,,,,,,,
,,,,,,,,,,,,
,,,,,,,,,,,,
,,,,,,,,,,,,
,,,,,,,,,,,,
,,,,,,,,,,,,
,,,,,,,,,,,,
,,,,,,,,,,,,
,,,,,,,,,,,,
,,,,,,,,,,,,
,,,,,,,,,,,,
,,,,,,,,,,,,
,,,,,,,,,,,,
,,,,,,,,,,,,
,,,,,,,,,,,,
,,,,,,,,,,,,
,,,,,,,,,,,,
,,,,,,,,,,,,
,,,,,,,,,,,,
,,,,,,,,,,,,
,,,,,,,,,,,,
,,,,,,,,,,,,
,,,,,,,,,,,,
,,,,,,,,,,,,
,,,,,,,,,,,,
,,,,,,,,,,,,
,,,,,,,,,,,,
,,,,,,,,,,,,
,,,,,,,,,,,,
,,,,,,,,,,,,
,,,,,,,,,,,,
,,,,,,,,,,,,
,,,,,,,,,,,,
,,,,,,,,,,,,
,,,,,,,,,,,,
,,,,,,,,,,,,
,,,,,,,,,,,,
,,,,,,,,,,,,
,,,,,,,,,,,,
,,,,,,,,,,,,
,,,,,,,,,,,,
,,,,,,,,,,,,
,,,,,,,,,,,,
,,,,,,,,,,,,
,,,,,,,,,,,,
,,,,,,,,,,,,
,,,,,,,,,,,,
,,,,,,,,,,,,
,,,,,,,,,,,,
,,,,,,,,,,,,
,,,,,,,,,,,,
,,,,,,,,,,,,
,,,,,,,,,,,,
,,,,,,,,,,,,
,,,,,,,,,,,,
,,,,,,,,,,,,
,,,,,,,,,,,,
,,,,,,,,,,,,
,,,,,,,,,,,,
,,,,,,,,,,,,
,,,,,,,,,,,,
,,,,,,,,,,,,
,,,,,,,,,,,,
,,,,,,,,,,,,
,,,,,,,,,,,,
,,,,,,,,,,,,
,,,,,,,,,,,,
,,,,,,,,,,,,
,,,,,,,,,,,,
,,,,,,,,,,,,
,,,,,,,,,,,,
,,,,,,,,,,,,
,,,,,,,,,,,,
,,,,,,,,,,,,
,,,,,,,,,,,,
,,,,,,,,,,,,
,,,,,,,,,,,,
,,,,,,,,,,,,
,,,,,,,,,,,,
,,,,,,,,,,,,
,,,,,,,,,,,,
,,,,,,,,,,,,
,,,,,,,,,,,,
,,,,,,,,,,,,
,,,,,,,,,,,,
,,,,,,,,,,,,
,,,,,,,,,,,,
,,,,,,,,,,,,
,,,,,,,,,,,,
,,,,,,,,,,,,
,,,,,,,,,,,,
,,,,,,,,,,,,
,,,,,,,,,,,,
,,,,,,,,,,,,
,,,,,,,,,,,,
,,,,,,,,,,,,
,,,,,,,,,,,,
,,,,,,,,,,,,
,,,,,,,,,,,,
,,,,,,,,,,,,
,,,,,,,,,,,,
,,,,,,,,,,,,
,,,,,,,,,,,,
,,,,,,,,,,,,
,,,,,,,,,,,,
,,,,,,,,,,,,
,,,,,,,,,,,,
,,,,,,,,,,,,
,,,,,,,,,,,,
,,,,,,,,,,,,
,,,,,,,,,,,,
,,,,,,,,,,,,
,,,,,,,,,,,,
,,,,,,,,,,,,
,,,,,,,,,,,,
,,,,,,,,,,,,
,,,,,,,,,,,,
,,,,,,,,,,,,
,,,,,,,,,,,,
,,,,,,,,,,,,
,,,,,,,,,,,,
,,,,,,,,,,,,
,,,,,,,,,,,,
,,,,,,,,,,,,
,,,,,,,,,,,,
,,,,,,,,,,,,
,,,,,,,,,,,,
,,,,,,,,,,,,
,,,,,,,,,,,,
,,,,,,,,,,,,
,,,,,,,,,,,,
,,,,,,,,,,,,
,,,,,,,,,,,,
,,,,,,,,,,,,
,,,,,,,,,,,,
,,,,,,,,,,,,
,,,,,,,,,,,,
,,,,,,,,,,,,
,,,,,,,,,,,,
,,,,,,,,,,,,
,,,,,,,,,,,,
,,,,,,,,,,,,
,,,,,,,,,,,,
,,,,,,,,,,,,
,,,,,,,,,,,,
,,,,,,,,,,,,
,,,,,,,,,,,,
,,,,,,,,,,,,
,,,,,,,,,,,,
,,,,,,,,,,,,
,,,,,,,,,,,,
,,,,,,,,,,,,
,,,,,,,,,,,,
,,,,,,,,,,,,
,,,,,,,,,,,,
,,,,,,,,,,,,
,,,,,,,,,,,,
,,,,,,,,,,,,
,,,,,,,,,,,,
,,,,,,,,,,,,
,,,,,,,,,,,,
,,,,,,,,,,,,
,,,,,,,,,,,,
,,,,,,,,,,,,
,,,,,,,,,,,,
,,,,,,,,,,,,
,,,,,,,,,,,,
,,,,,,,,,,,,
,,,,,,,,,,,,
,,,,,,,,,,,,
,,,,,,,,,,,,
,,,,,,,,,,,,
,,,,,,,,,,,,
,,,,,,,,,,,,
,,,,,,,,,,,,
,,,,,,,,,,,,
,,,,,,,,,,,,
,,,,,,,,,,,,
,,,,,,,,,,,,
,,,,,,,,,,,,
,,,,,,,,,,,,
,,,,,,,,,,,,
,,,,,,,,,,,,
,,,,,,,,,,,,
,,,,,,,,,,,,
,,,,,,,,,,,,
,,,,,,,,,,,,
,,,,,,,,,,,,
,,,,,,,,,,,,
,,,,,,,,,,,,
,,,,,,,,,,,,
,,,,,,,,,,,,
,,,,,,,,,,,,
,,,,,,,,,,,,
,,,,,,,,,,,,
,,,,,,,,,,,,
,,,,,,,,,,,,
,,,,,,,,,,,,
,,,,,,,,,,,,
,,,,,,,,,,,,
,,,,,,,,,,,,
,,,,,,,,,,,,
,,,,,,,,,,,,
,,,,,,,,,,,,
,,,,,,,,,,,,
,,,,,,,,,,,,
,,,,,,,,,,,,
,,,,,,,,,,,,
,,,,,,,,,,,,
,,,,,,,,,,,,
,,,,,,,,,,,,
,,,,,,,,,,,,
,,,,,,,,,,,,
,,,,,,,,,,,,
,,,,,,,,,,,,
,,,,,,,,,,,,
,,,,,,,,,,,,
,,,,,,,,,,,,
,,,,,,,,,,,,
,,,,,,,,,,,,
,,,,,,,,,,,,
,,,,,,,,,,,,
,,,,,,,,,,,,
,,,,,,,,,,,,
,,,,,,,,,,,,
,,,,,,,,,,,,
,,,,,,,,,,,,
,,,,,,,,,,,,
,,,,,,,,,,,,
,,,,,,,,,,,,
,,,,,,,,,,,,
,,,,,,,,,,,,
,,,,,,,,,,,,
,,,,,,,,,,,,
,,,,,,,,,,,,
,,,,,,,,,,,,
,,,,,,,,,,,,
,,,,,,,,,,,,
,,,,,,,,,,,,
,,,,,,,,,,,,
,,,,,,,,,,,,
,,,,,,,,,,,,
,,,,,,,,,,,,
,,,,,,,,,,,,
,,,,,,,,,,,,
,,,,,,,,,,,,
,,,,,,,,,,,,
,,,,,,,,,,,,
,,,,,,,,,,,,
,,,,,,,,,,,,
,,,,,,,,,,,,
,,,,,,,,,,,,
,,,,,,,,,,,,
,,,,,,,,,,,,
,,,,,,,,,,,,
,,,,,,,,,,,,
,,,,,,,,,,,,
,,,,,,,,,,,,
,,,,,,,,,,,,
,,,,,,,,,,,,
,,,,,,,,,,,,
,,,,,,,,,,,,
,,,,,,,,,,,,
,,,,,,,,,,,,
,,,,,,,,,,,,
,,,,,,,,,,,,
,,,,,,,,,,,,
,,,,,,,,,,,,
,,,,,,,,,,,,
,,,,,,,,,,,,
,,,,,,,,,,,,
,,,,,,,,,,,,
,,,,,,,,,,,,
,,,,,,,,,,,,
,,,,,,,,,,,,
,,,,,,,,,,,,
,,,,,,,,,,,,
,,,,,,,,,,,,
,,,,,,,,,,,,
,,,,,,,,,,,,
,,,,,,,,,,,,
,,,,,,,,,,,,
,,,,,,,,,,,,
,,,,,,,,,,,,
,,,,,,,,,,,,
,,,,,,,,,,,,
,,,,,,,,,,,,
,,,,,,,,,,,,
,,,,,,,,,,,,
,,,,,,,,,,,,
,,,,,,,,,,,,
,,,,,,,,,,,,
,,,,,,,,,,,,
,,,,,,,,,,,,
,,,,,,,,,,,,
,,,,,,,,,,,,
,,,,,,,,,,,,
,,,,,,,,,,,,
,,,,,,,,,,,,
,,,,,,,,,,,,
,,,,,,,,,,,,
,,,,,,,,,,,,
,,,,,,,,,,,,
,,,,,,,,,,,,
,,,,,,,,,,,,
,,,,,,,,,,,,
,,,,,,,,,,,,
,,,,,,,,,,,,
,,,,,,,,,,,,
,,,,,,,,,,,,
,,,,,,,,,,,,
,,,,,,,,,,,,
,,,,,,,,,,,,
,,,,,,,,,,,,
,,,,,,,,,,,,
,,,,,,,,,,,,
,,,,,,,,,,,,
,,,,,,,,,,,,
,,,,,,,,,,,,
,,,,,,,,,,,,
,,,,,,,,,,,,
,,,,,,,,,,,,
,,,,,,,,,,,,
,,,,,,,,,,,,
,,,,,,,,,,,,
,,,,,,,,,,,,
,,,,,,,,,,,,
,,,,,,,,,,,,
,,,,,,,,,,,,
,,,,,,,,,,,,
,,,,,,,,,,,,
,,,,,,,,,,,,
,,,,,,,,,,,,
,,,,,,,,,,,,
,,,,,,,,,,,,
,,,,,,,,,,,,
,,,,,,,,,,,,
,,,,,,,,,,,,
,,,,,,,,,,,,
,,,,,,,,,,,,
,,,,,,,,,,,,
,,,,,,,,,,,,
,,,,,,,,,,,,
,,,,,,,,,,,,
,,,,,,,,,,,,
,,,,,,,,,,,,
,,,,,,,,,,,,
,,,,,,,,,,,,
,,,,,,,,,,,,
,,,,,,,,,,,,
,,,,,,,,,,,,
,,,,,,,,,,,,
,,,,,,,,,,,,
,,,,,,,,,,,,
,,,,,,,,,,,,
,,,,,,,,,,,,
,,,,,,,,,,,,
,,,,,,,,,,,,
,,,,,,,,,,,,
,,,,,,,,,,,,
,,,,,,,,,,,,
,,,,,,,,,,,,
,,,,,,,,,,,,
,,,,,,,,,,,,
,,,,,,,,,,,,
,,,,,,,,,,,,
,,,,,,,,,,,,
,,,,,,,,,,,,
,,,,,,,,,,,,
,,,,,,,,,,,,
,,,,,,,,,,,,
,,,,,,,,,,,,
,,,,,,,,,,,,
,,,,,,,,,,,,
,,,,,,,,,,,,
,,,,,,,,,,,,
,,,,,,,,,,,,
,,,,,,,,,,,,
,,,,,,,,,,,,
,,,,,,,,,,,,
,,,,,,,,,,,,
,,,,,,,,,,,,
,,,,,,,,,,,,
,,,,,,,,,,,,
,,,,,,,,,,,,
,,,,,,,,,,,,
,,,,,,,,,,,,
,,,,,,,,,,,,
,,,,,,,,,,,,
,,,,,,,,,,,,
,,,,,,,,,,,,
,,,,,,,,,,,,
,,,,,,,,,,,,
,,,,,,,,,,,,
,,,,,,,,,,,,
,,,,,,,,,,,,
,,,,,,,,,,,,
,,,,,,,,,,,,
,,,,,,,,,,,,
,,,,,,,,,,,,
,,,,,,,,,,,,
,,,,,,,,,,,,
,,,,,,,,,,,,
,,,,,,,,,,,,
,,,,,,,,,,,,
,,,,,,,,,,,,
,,,,,,,,,,,,
,,,,,,,,,,,,
,,,,,,,,,,,,
,,,,,,,,,,,,
,,,,,,,,,,,,
,,,,,,,,,,,,
,,,,,,,,,,,,
,,,,,,,,,,,,
,,,,,,,,,,,,
,,,,,,,,,,,,
,,,,,,,,,,,,
,,,,,,,,,,,,
,,,,,,,,,,,,
,,,,,,,,,,,,
,,,,,,,,,,,,
,,,,,,,,,,,,
,,,,,,,,,,,,
,,,,,,,,,,,,
,,,,,,,,,,,,
,,,,,,,,,,,,
,,,,,,,,,,,,
,,,,,,,,,,,,
,,,,,,,,,,,,
,,,,,,,,,,,,
,,,,,,,,,,,,
,,,,,,,,,,,,
,,,,,,,,,,,,
,,,,,,,,,,,,
,,,,,,,,,,,,
,,,,,,,,,,,,
,,,,,,,,,,,,
,,,,,,,,,,,,
,,,,,,,,,,,,
,,,,,,,,,,,,
,,,,,,,,,,,,
,,,,,,,,,,,,
,,,,,,,,,,,,
,,,,,,,,,,,,
,,,,,,,,,,,,
,,,,,,,,,,,,
,,,,,,,,,,,,
,,,,,,,,,,,,
,,,,,,,,,,,,
,,,,,,,,,,,,
,,,,,,,,,,,,
,,,,,,,,,,,,
,,,,,,,,,,,,
,,,,,,,,,,,,
,,,,,,,,,,,,
,,,,,,,,,,,,
,,,,,,,,,,,,
,,,,,,,,,,,,
,,,,,,,,,,,,
,,,,,,,,,,,,
,,,,,,,,,,,,
,,,,,,,,,,,,
,,,,,,,,,,,,
,,,,,,,,,,,,
,,,,,,,,,,,,
,,,,,,,,,,,,
,,,,,,,,,,,,
,,,,,,,,,,,,
,,,,,,,,,,,,
,,,,,,,,,,,,
,,,,,,,,,,,,
,,,,,,,,,,,,
,,,,,,,,,,,,
,,,,,,,,,,,,
,,,,,,,,,,,,
,,,,,,,,,,,,
,,,,,,,,,,,,
,,,,,,,,,,,,
,,,,,,,,,,,,
,,,,,,,,,,,,
,,,,,,,,,,,,
,,,,,,,,,,,,
,,,,,,,,,,,,
,,,,,,,,,,,,
,,,,,,,,,,,,
,,,,,,,,,,,,
,,,,,,,,,,,,
,,,,,,,,,,,,
,,,,,,,,,,,,
,,,,,,,,,,,,
,,,,,,,,,,,,
,,,,,,,,,,,,
,,,,,,,,,,,,
,,,,,,,,,,,,
,,,,,,,,,,,,
,,,,,,,,,,,,
,,,,,,,,,,,,
,,,,,,,,,,,,
,,,,,,,,,,,,
,,,,,,,,,,,,
,,,,,,,,,,,,
,,,,,,,,,,,,
,,,,,,,,,,,,
,,,,,,,,,,,,
,,,,,,,,,,,,
,,,,,,,,,,,,
,,,,,,,,,,,,
,,,,,,,,,,,,
,,,,,,,,,,,,
,,,,,,,,,,,,
,,,,,,,,,,,,
,,,,,,,,,,,,
,,,,,,,,,,,,
,,,,,,,,,,,,
,,,,,,,,,,,,
,,,,,,,,,,,,
,,,,,,,,,,,,
,,,,,,,,,,,,
,,,,,,,,,,,,
,,,,,,,,,,,,
,,,,,,,,,,,,
,,,,,,,,,,,,
,,,,,,,,,,,,
,,,,,,,,,,,,
,,,,,,,,,,,,
,,,,,,,,,,,,
,,,,,,,,,,,,
,,,,,,,,,,,,
,,,,,,,,,,,,
,,,,,,,,,,,,
,,,,,,,,,,,,
,,,,,,,,,,,,
,,,,,,,,,,,,
,,,,,,,,,,,,
,,,,,,,,,,,,
,,,,,,,,,,,,
,,,,,,,,,,,,
,,,,,,,,,,,,
,,,,,,,,,,,,
,,,,,,,,,,,,
,,,,,,,,,,,,
,,,,,,,,,,,,
,,,,,,,,,,,,
,,,,,,,,,,,,
,,,,,,,,,,,,
,,,,,,,,,,,,
,,,,,,,,,,,,
,,,,,,,,,,,,
,,,,,,,,,,,,
,,,,,,,,,,,,
,,,,,,,,,,,,
,,,,,,,,,,,,
,,,,,,,,,,,,
,,,,,,,,,,,,
,,,,,,,,,,,,
,,,,,,,,,,,,
,,,,,,,,,,,,
,,,,,,,,,,,,
,,,,,,,,,,,,
,,,,,,,,,,,,
,,,,,,,,,,,,
,,,,,,,,,,,,
,,,,,,,,,,,,
,,,,,,,,,,,,
,,,,,,,,,,,,
,,,,,,,,,,,,
,,,,,,,,,,,,
,,,,,,,,,,,,
,,,,,,,,,,,,
,,,,,,,,,,,,
,,,,,,,,,,,,
,,,,,,,,,,,,
,,,,,,,,,,,,
,,,,,,,,,,,,
,,,,,,,,,,,,
,,,,,,,,,,,,
,,,,,,,,,,,,
,,,,,,,,,,,,
,,,,,,,,,,,,
,,,,,,,,,,,,
,,,,,,,,,,,,
,,,,,,,,,,,,
,,,,,,,,,,,,
,,,,,,,,,,,,
,,,,,,,,,,,,
,,,,,,,,,,,,
,,,,,,,,,,,,
,,,,,,,,,,,,
,,,,,,,,,,,,
,,,,,,,,,,,,
,,,,,,,,,,,,
,,,,,,,,,,,,
,,,,,,,,,,,,
,,,,,,,,,,,,
,,,,,,,,,,,,
,,,,,,,,,,,,
,,,,,,,,,,,,
,,,,,,,,,,,,
,,,,,,,,,,,,
,,,,,,,,,,,,
,,,,,,,,,,,,
,,,,,,,,,,,,
,,,,,,,,,,,,
,,,,,,,,,,,,
,,,,,,,,,,,,
,,,,,,,,,,,,
,,,,,,,,,,,,
,,,,,,,,,,,,
,,,,,,,,,,,,
,,,,,,,,,,,,
,,,,,,,,,,,,
,,,,,,,,,,,,
,,,,,,,,,,,,
,,,,,,,,,,,,
,,,,,,,,,,,,
,,,,,,,,,,,,
,,,,,,,,,,,,
,,,,,,,,,,,,
,,,,,,,,,,,,
,,,,,,,,,,,,
,,,,,,,,,,,,
,,,,,,,,,,,,
,,,,,,,,,,,,
,,,,,,,,,,,,
,,,,,,,,,,,,
,,,,,,,,,,,,
,,,,,,,,,,,,
,,,,,,,,,,,,
,,,,,,,,,,,,
,,,,,,,,,,,,
,,,,,,,,,,,,
,,,,,,,,,,,,
,,,,,,,,,,,,
,,,,,,,,,,,,
,,,,,,,,,,,,
,,,,,,,,,,,,
,,,,,,,,,,,,
,,,,,,,,,,,,
,,,,,,,,,,,,
,,,,,,,,,,,,
,,,,,,,,,,,,
,,,,,,,,,,,,
,,,,,,,,,,,,
,,,,,,,,,,,,
,,,,,,,,,,,,
,,,,,,,,,,,,
,,,,,,,,,,,,
,,,,,,,,,,,,
,,,,,,,,,,,,
,,,,,,,,,,,,
,,,,,,,,,,,,
,,,,,,,,,,,,
,,,,,,,,,,,,
,,,,,,,,,,,,
,,,,,,,,,,,,
,,,,,,,,,,,,
,,,,,,,,,,,,
,,,,,,,,,,,,
,,,,,,,,,,,,
,,,,,,,,,,,,
,,,,,,,,,,,,
,,,,,,,,,,,,
,,,,,,,,,,,,
,,,,,,,,,,,,
,,,,,,,,,,,,
,,,,,,,,,,,,
,,,,,,,,,,,,
,,,,,,,,,,,,
,,,,,,,,,,,,
,,,,,,,,,,,,
,,,,,,,,,,,,
,,,,,,,,,,,,
,,,,,,,,,,,,
,,,,,,,,,,,,
,,,,,,,,,,,,
,,,,,,,,,,,,
,,,,,,,,,,,,
,,,,,,,,,,,,
,,,,,,,,,,,,
,,,,,,,,,,,,
,,,,,,,,,,,,
,,,,,,,,,,,,
,,,,,,,,,,,,
,,,,,,,,,,,,
,,,,,,,,,,,,
,,,,,,,,,,,,
,,,,,,,,,,,,
,,,,,,,,,,,,
,,,,,,,,,,,,
,,,,,,,,,,,,
,,,,,,,,,,,,
,,,,,,,,,,,,
,,,,,,,,,,,,
,,,,,,,,,,,,
,,,,,,,,,,,,
,,,,,,,,,,,,
,,,,,,,,,,,,
,,,,,,,,,,,,
,,,,,,,,,,,,
,,,,,,,,,,,,
,,,,,,,,,,,,
,,,,,,,,,,,,
,,,,,,,,,,,,
,,,,,,,,,,,,
,,,,,,,,,,,,
,,,,,,,,,,,,
,,,,,,,,,,,,
,,,,,,,,,,,,
,,,,,,,,,,,,
,,,,,,,,,,,,
,,,,,,,,,,,,
,,,,,,,,,,,,
,,,,,,,,,,,,
,,,,,,,,,,,,
,,,,,,,,,,,,
,,,,,,,,,,,,
,,,,,,,,,,,,
,,,,,,,,,,,,
,,,,,,,,,,,,
,,,,,,,,,,,,
,,,,,,,,,,,,
,,,,,,,,,,,,
,,,,,,,,,,,,
,,,,,,,,,,,,
,,,,,,,,,,,,
,,,,,,,,,,,,
,,,,,,,,,,,,
,,,,,,,,,,,,
,,,,,,,,,,,,
,,,,,,,,,,,,
,,,,,,,,,,,,
,,,,,,,,,,,,
,,,,,,,,,,,,
,,,,,,,,,,,,
,,,,,,,,,,,,
,,,,,,,,,,,,
,,,,,,,,,,,,
,,,,,,,,,,,,
,,,,,,,,,,,,
,,,,,,,,,,,,
,,,,,,,,,,,,
,,,,,,,,,,,,
,,,,,,,,,,,,
,,,,,,,,,,,,
,,,,,,,,,,,,
,,,,,,,,,,,,
,,,,,,,,,,,,
,,,,,,,,,,,,
,,,,,,,,,,,,
,,,,,,,,,,,,
,,,,,,,,,,,,
,,,,,,,,,,,,
,,,,,,,,,,,,
,,,,,,,,,,,,
,,,,,,,,,,,,
,,,,,,,,,,,,
,,,,,,,,,,,,
,,,,,,,,,,,,
,,,,,,,,,,,,
,,,,,,,,,,,,
,,,,,,,,,,,,
,,,,,,,,,,,,
,,,,,,,,,,,,
,,,,,,,,,,,,
,,,,,,,,,,,,
,,,,,,,,,,,,
,,,,,,,,,,,,
,,,,,,,,,,,,
,,,,,,,,,,,,
,,,,,,,,,,,,
,,,,,,,,,,,,
,,,,,,,,,,,,
,,,,,,,,,,,,
,,,,,,,,,,,,
,,,,,,,,,,,,
,,,,,,,,,,,,
,,,,,,,,,,,,
,,,,,,,,,,,,
,,,,,,,,,,,,
,,,,,,,,,,,,
,,,,,,,,,,,,
,,,,,,,,,,,,
,,,,,,,,,,,,
,,,,,,,,,,,,
,,,,,,,,,,,,
,,,,,,,,,,,,
,,,,,,,,,,,,
,,,,,,,,,,,,
,,,,,,,,,,,,
,,,,,,,,,,,,
,,,,,,,,,,,,
,,,,,,,,,,,,
,,,,,,,,,,,,
,,,,,,,,,,,,
,,,,,,,,,,,,
,,,,,,,,,,,,
,,,,,,,,,,,,
,,,,,,,,,,,,
,,,,,,,,,,,,
,,,,,,,,,,,,
,,,,,,,,,,,,
,,,,,,,,,,,,
,,,,,,,,,,,,
,,,,,,,,,,,,
,,,,,,,,,,,,
,,,,,,,,,,,,
,,,,,,,,,,,,
,,,,,,,,,,,,
,,,,,,,,,,,,
,,,,,,,,,,,,
,,,,,,,,,,,,
,,,,,,,,,,,,
,,,,,,,,,,,,
,,,,,,,,,,,,
,,,,,,,,,,,,
,,,,,,,,,,,,
,,,,,,,,,,,,
,,,,,,,,,,,,
,,,,,,,,,,,,
,,,,,,,,,,,,
,,,,,,,,,,,,
,,,,,,,,,,,,
,,,,,,,,,,,,
,,,,,,,,,,,,
,,,,,,,,,,,,
,,,,,,,,,,,,
,,,,,,,,,,,,
,,,,,,,,,,,,
,,,,,,,,,,,,
,,,,,,,,,,,,
,,,,,,,,,,,,
,,,,,,,,,,,,
,,,,,,,,,,,,
,,,,,,,,,,,,
,,,,,,,,,,,,
,,,,,,,,,,,,
,,,,,,,,,,,,
,,,,,,,,,,,,
,,,,,,,,,,,,
,,,,,,,,,,,,
,,,,,,,,,,,,
,,,,,,,,,,,,
,,,,,,,,,,,,
,,,,,,,,,,,,
,,,,,,,,,,,,
,,,,,,,,,,,,
,,,,,,,,,,,,
,,,,,,,,,,,,
,,,,,,,,,,,,
,,,,,,,,,,,,
,,,,,,,,,,,,
,,,,,,,,,,,,
,,,,,,,,,,,,
,,,,,,,,,,,,
,,,,,,,,,,,,
,,,,,,,,,,,,
,,,,,,,,,,,,
,,,,,,,,,,,,
,,,,,,,,,,,,
,,,,,,,,,,,,
,,,,,,,,,,,,
,,,,,,,,,,,,
,,,,,,,,,,,,
,,,,,,,,,,,,
,,,,,,,,,,,,
,,,,,,,,,,,,
,,,,,,,,,,,,
,,,,,,,,,,,,
,,,,,,,,,,,,
,,,,,,,,,,,,
,,,,,,,,,,,,
,,,,,,,,,,,,
,,,,,,,,,,,,
,,,,,,,,,,,,
,,,,,,,,,,,,
,,,,,,,,,,,,
,,,,,,,,,,,,
,,,,,,,,,,,,
,,,,,,,,,,,,
,,,,,,,,,,,,
,,,,,,,,,,,,
,,,,,,,,,,,,
,,,,,,,,,,,,
,,,,,,,,,,,,
,,,,,,,,,,,,
,,,,,,,,,,,,
,,,,,,,,,,,,
,,,,,,,,,,,,
,,,,,,,,,,,,
,,,,,,,,,,,,
,,,,,,,,,,,,
,,,,,,,,,,,,
,,,,,,,,,,,,
,,,,,,,,,,,,
,,,,,,,,,,,,
,,,,,,,,,,,,
,,,,,,,,,,,,
,,,,,,,,,,,,
,,,,,,,,,,,,
,,,,,,,,,,,,
,,,,,,,,,,,,
,,,,,,,,,,,,
,,,,,,,,,,,,
,,,,,,,,,,,,
,,,,,,,,,,,,
,,,,,,,,,,,,
,,,,,,,,,,,,
,,,,,,,,,,,,
,,,,,,,,,,,,
,,,,,,,,,,,,
,,,,,,,,,,,,
,,,,,,,,,,,,
,,,,,,,,,,,,
,,,,,,,,,,,,
,,,,,,,,,,,,
,,,,,,,,,,,,
,,,,,,,,,,,,
,,,,,,,,,,,,
,,,,,,,,,,,,
,,,,,,,,,,,,
,,,,,,,,,,,,
,,,,,,,,,,,,
,,,,,,,,,,,,
,,,,,,,,,,,,
,,,,,,,,,,,,
,,,,,,,,,,,,
,,,,,,,,,,,,
,,,,,,,,,,,,
,,,,,,,,,,,,
,,,,,,,,,,,,
,,,,,,,,,,,,
,,,,,,,,,,,,
,,,,,,,,,,,,
,,,,,,,,,,,,
,,,,,,,,,,,,
,,,,,,,,,,,,
,,,,,,,,,,,,
,,,,,,,,,,,,
,,,,,,,,,,,,
,,,,,,,,,,,,
,,,,,,,,,,,,
,,,,,,,,,,,,
,,,,,,,,,,,,
,,,,,,,,,,,,
,,,,,,,,,,,,
,,,,,,,,,,,,
,,,,,,,,,,,,
,,,,,,,,,,,,
,,,,,,,,,,,,
,,,,,,,,,,,,
,,,,,,,,,,,,
,,,,,,,,,,,,
,,,,,,,,,,,,
,,,,,,,,,,,,
,,,,,,,,,,,,
,,,,,,,,,,,,
,,,,,,,,,,,,
,,,,,,,,,,,,
,,,,,,,,,,,,
,,,,,,,,,,,,
,,,,,,,,,,,,
,,,,,,,,,,,,
,,,,,,,,,,,,
,,,,,,,,,,,,
,,,,,,,,,,,,
,,,,,,,,,,,,
,,,,,,,,,,,,
,,,,,,,,,,,,
,,,,,,,,,,,,
,,,,,,,,,,,,
,,,,,,,,,,,,
,,,,,,,,,,,,
,,,,,,,,,,,,
,,,,,,,,,,,,
,,,,,,,,,,,,
,,,,,,,,,,,,
,,,,,,,,,,,,
,,,,,,,,,,,,
,,,,,,,,,,,,
,,,,,,,,,,,,
,,,,,,,,,,,,
,,,,,,,,,,,,
,,,,,,,,,,,,
,,,,,,,,,,,,
,,,,,,,,,,,,
,,,,,,,,,,,,
,,,,,,,,,,,,
,,,,,,,,,,,,
,,,,,,,,,,,,
,,,,,,,,,,,,
,,,,,,,,,,,,
,,,,,,,,,,,,
,,,,,,,,,,,,
,,,,,,,,,,,,
,,,,,,,,,,,,
,,,,,,,,,,,,
,,,,,,,,,,,,
,,,,,,,,,,,,
,,,,,,,,,,,,
,,,,,,,,,,,,
,,,,,,,,,,,,
,,,,,,,,,,,,
,,,,,,,,,,,,
,,,,,,,,,,,,
,,,,,,,,,,,,
,,,,,,,,,,,,
,,,,,,,,,,,,
,,,,,,,,,,,,
,,,,,,,,,,,,
,,,,,,,,,,,,
,,,,,,,,,,,,
,,,,,,,,,,,,
,,,,,,,,,,,,
,,,,,,,,,,,,
,,,,,,,,,,,,
,,,,,,,,,,,,
,,,,,,,,,,,,
,,,,,,,,,,,,
,,,,,,,,,,,,
,,,,,,,,,,,,
,,,,,,,,,,,,
,,,,,,,,,,,,
,,,,,,,,,,,,
,,,,,,,,,,,,
,,,,,,,,,,,,
,,,,,,,,,,,,
,,,,,,,,,,,,
,,,,,,,,,,,,
,,,,,,,,,,,,
,,,,,,,,,,,,
,,,,,,,,,,,,
,,,,,,,,,,,,
,,,,,,,,,,,,
,,,,,,,,,,,,
,,,,,,,,,,,,
,,,,,,,,,,,,
,,,,,,,,,,,,
,,,,,,,,,,,,
,,,,,,,,,,,,
,,,,,,,,,,,,
,,,,,,,,,,,,
,,,,,,,,,,,,
,,,,,,,,,,,,
,,,,,,,,,,,,
,,,,,,,,,,,,
,,,,,,,,,,,,
,,,,,,,,,,,,
,,,,,,,,,,,,
,,,,,,,,,,,,
,,,,,,,,,,,,
,,,,,,,,,,,,
,,,,,,,,,,,,
,,,,,,,,,,,,
,,,,,,,,,,,,
,,,,,,,,,,,,
,,,,,,,,,,,,
,,,,,,,,,,,,
,,,,,,,,,,,,
,,,,,,,,,,,,
,,,,,,,,,,,,
,,,,,,,,,,,,
,,,,,,,,,,,,
,,,,,,,,,,,,
,,,,,,,,,,,,
,,,,,,,,,,,,
,,,,,,,,,,,,
,,,,,,,,,,,,
,,,,,,,,,,,,
,,,,,,,,,,,,
,,,,,,,,,,,,
,,,,,,,,,,,,
,,,,,,,,,,,,
,,,,,,,,,,,,
,,,,,,,,,,,,
,,,,,,,,,,,,
,,,,,,,,,,,,
,,,,,,,,,,,,
,,,,,,,,,,,,
,,,,,,,,,,,,
,,,,,,,,,,,,
,,,,,,,,,,,,
,,,,,,,,,,,,
,,,,,,,,,,,,
,,,,,,,,,,,,
,,,,,,,,,,,,
,,,,,,,,,,,,
,,,,,,,,,,,,
,,,,,,,,,,,,
,,,,,,,,,,,,
,,,,,,,,,,,,
,,,,,,,,,,,,
,,,,,,,,,,,,
,,,,,,,,,,,,
,,,,,,,,,,,,
,,,,,,,,,,,,
,,,,,,,,,,,,
,,,,,,,,,,,,
,,,,,,,,,,,,
,,,,,,,,,,,,
,,,,,,,,,,,,
,,,,,,,,,,,,
,,,,,,,,,,,,
,,,,,,,,,,,,
,,,,,,,,,,,,
,,,,,,,,,,,,
,,,,,,,,,,,,
,,,,,,,,,,,,
,,,,,,,,,,,,
,,,,,,,,,,,,
,,,,,,,,,,,,
,,,,,,,,,,,,
,,,,,,,,,,,,
,,,,,,,,,,,,
,,,,,,,,,,,,
,,,,,,,,,,,,
,,,,,,,,,,,,
,,,,,,,,,,,,
,,,,,,,,,,,,
,,,,,,,,,,,,
,,,,,,,,,,,,
,,,,,,,,,,,,
,,,,,,,,,,,,
,,,,,,,,,,,,
,,,,,,,,,,,,
,,,,,,,,,,,,
,,,,,,,,,,,,
,,,,,,,,,,,,
,,,,,,,,,,,,
,,,,,,,,,,,,
,,,,,,,,,,,,
,,,,,,,,,,,,
,,,,,,,,,,,,
,,,,,,,,,,,,
,,,,,,,,,,,,
,,,,,,,,,,,,
,,,,,,,,,,,,
,,,,,,,,,,,,
,,,,,,,,,,,,
,,,,,,,,,,,,
,,,,,,,,,,,,
,,,,,,,,,,,,
,,,,,,,,,,,,
,,,,,,,,,,,,
,,,,,,,,,,,,
,,,,,,,,,,,,
,,,,,,,,,,,,
,,,,,,,,,,,,
,,,,,,,,,,,,
,,,,,,,,,,,,
,,,,,,,,,,,,
,,,,,,,,,,,,
,,,,,,,,,,,,
,,,,,,,,,,,,
,,,,,,,,,,,,
,,,,,,,,,,,,
,,,,,,,,,,,,
,,,,,,,,,,,,
,,,,,,,,,,,,
,,,,,,,,,,,,
,,,,,,,,,,,,
,,,,,,,,,,,,
,,,,,,,,,,,,
,,,,,,,,,,,,
,,,,,,,,,,,,
,,,,,,,,,,,,
,,,,,,,,,,,,
,,,,,,,,,,,,
,,,,,,,,,,,,
,,,,,,,,,,,,
,,,,,,,,,,,,
,,,,,,,,,,,,
,,,,,,,,,,,,
,,,,,,,,,,,,
,,,,,,,,,,,,
,,,,,,,,,,,,
,,,,,,,,,,,,
,,,,,,,,,,,,
,,,,,,,,,,,,
,,,,,,,,,,,,
,,,,,,,,,,,,
,,,,,,,,,,,,
,,,,,,,,,,,,
,,,,,,,,,,,,
,,,,,,,,,,,,
,,,,,,,,,,,,
,,,,,,,,,,,,
,,,,,,,,,,,,
,,,,,,,,,,,,
,,,,,,,,,,,,
,,,,,,,,,,,,
,,,,,,,,,,,,
,,,,,,,,,,,,
,,,,,,,,,,,,
,,,,,,,,,,,,
,,,,,,,,,,,,
,,,,,,,,,,,,
,,,,,,,,,,,,
,,,,,,,,,,,,
,,,,,,,,,,,,
,,,,,,,,,,,,
,,,,,,,,,,,,
,,,,,,,,,,,,
,,,,,,,,,,,,
,,,,,,,,,,,,
,,,,,,,,,,,,
,,,,,,,,,,,,
,,,,,,,,,,,,
,,,,,,,,,,,,
,,,,,,,,,,,,
,,,,,,,,,,,,
,,,,,,,,,,,,
,,,,,,,,,,,,
,,,,,,,,,,,,
,,,,,,,,,,,,
,,,,,,,,,,,,
,,,,,,,,,,,,
,,,,,,,,,,,,
,,,,,,,,,,,,
,,,,,,,,,,,,
,,,,,,,,,,,,
,,,,,,,,,,,,
,,,,,,,,,,,,
,,,,,,,,,,,,
,,,,,,,,,,,,
,,,,,,,,,,,,
,,,,,,,,,,,,
,,,,,,,,,,,,
,,,,,,,,,,,,
,,,,,,,,,,,,
,,,,,,,,,,,,
,,,,,,,,,,,,
,,,,,,,,,,,,
,,,,,,,,,,,,
,,,,,,,,,,,,
,,,,,,,,,,,,
,,,,,,,,,,,,
,,,,,,,,,,,,
,,,,,,,,,,,,
,,,,,,,,,,,,
,,,,,,,,,,,,
,,,,,,,,,,,,
,,,,,,,,,,,,
,,,,,,,,,,,,
,,,,,,,,,,,,
,,,,,,,,,,,,
,,,,,,,,,,,,
,,,,,,,,,,,,
,,,,,,,,,,,,
,,,,,,,,,,,,
,,,,,,,,,,,,
,,,,,,,,,,,,
,,,,,,,,,,,,
,,,,,,,,,,,,
,,,,,,,,,,,,
,,,,,,,,,,,,
,,,,,,,,,,,,
,,,,,,,,,,,,
,,,,,,,,,,,,
,,,,,,,,,,,,
,,,,,,,,,,,,
,,,,,,,,,,,,
,,,,,,,,,,,,
,,,,,,,,,,,,
,,,,,,,,,,,,
,,,,,,,,,,,,
,,,,,,,,,,,,
,,,,,,,,,,,,
,,,,,,,,,,,,
,,,,,,,,,,,,
,,,,,,,,,,,,
,,,,,,,,,,,,
,,,,,,,,,,,,
,,,,,,,,,,,,
,,,,,,,,,,,,
,,,,,,,,,,,,
,,,,,,,,,,,,
,,,,,,,,,,,,
,,,,,,,,,,,,
,,,,,,,,,,,,
,,,,,,,,,,,,
,,,,,,,,,,,,
,,,,,,,,,,,,
,,,,,,,,,,,,
,,,,,,,,,,,,
,,,,,,,,,,,,
,,,,,,,,,,,,
,,,,,,,,,,,,
,,,,,,,,,,,,
,,,,,,,,,,,,
,,,,,,,,,,,,
,,,,,,,,,,,,
,,,,,,,,,,,,
,,,,,,,,,,,,
,,,,,,,,,,,,
,,,,,,,,,,,,
,,,,,,,,,,,,
,,,,,,,,,,,,
,,,,,,,,,,,,
,,,,,,,,,,,,
,,,,,,,,,,,,
,,,,,,,,,,,,
,,,,,,,,,,,,
,,,,,,,,,,,,
,,,,,,,,,,,,
,,,,,,,,,,,,
,,,,,,,,,,,,
,,,,,,,,,,,,
,,,,,,,,,,,,
,,,,,,,,,,,,
,,,,,,,,,,,,
,,,,,,,,,,,,
,,,,,,,,,,,,
,,,,,,,,,,,,
,,,,,,,,,,,,
,,,,,,,,,,,,
,,,,,,,,,,,,
,,,,,,,,,,,,
,,,,,,,,,,,,
,,,,,,,,,,,,
,,,,,,,,,,,,
,,,,,,,,,,,,
,,,,,,,,,,,,
,,,,,,,,,,,,
,,,,,,,,,,,,
,,,,,,,,,,,,
,,,,,,,,,,,,
,,,,,,,,,,,,
,,,,,,,,,,,,
,,,,,,,,,,,,
,,,,,,,,,,,,
,,,,,,,,,,,,
,,,,,,,,,,,,
,,,,,,,,,,,,
,,,,,,,,,,,,
,,,,,,,,,,,,
,,,,,,,,,,,,
,,,,,,,,,,,,
,,,,,,,,,,,,
,,,,,,,,,,,,
,,,,,,,,,,,,
,,,,,,,,,,,,
,,,,,,,,,,,,
,,,,,,,,,,,,
,,,,,,,,,,,,
,,,,,,,,,,,,
,,,,,,,,,,,,
,,,,,,,,,,,,
,,,,,,,,,,,,
,,,,,,,,,,,,
,,,,,,,,,,,,
,,,,,,,,,,,,
,,,,,,,,,,,,
,,,,,,,,,,,,
,,,,,,,,,,,,
,,,,,,,,,,,,
,,,,,,,,,,,,
,,,,,,,,,,,,
,,,,,,,,,,,,
,,,,,,,,,,,,
,,,,,,,,,,,,
,,,,,,,,,,,,
,,,,,,,,,,,,
,,,,,,,,,,,,
,,,,,,,,,,,,
,,,,,,,,,,,,
,,,,,,,,,,,,
,,,,,,,,,,,,
,,,,,,,,,,,,
,,,,,,,,,,,,
,,,,,,,,,,,,
,,,,,,,,,,,,
,,,,,,,,,,,,
,,,,,,,,,,,,
,,,,,,,,,,,,
,,,,,,,,,,,,
,,,,,,,,,,,,
,,,,,,,,,,,,
,,,,,,,,,,,,
,,,,,,,,,,,,
,,,,,,,,,,,,
,,,,,,,,,,,,
,,,,,,,,,,,,
,,,,,,,,,,,,
,,,,,,,,,,,,
,,,,,,,,,,,,
,,,,,,,,,,,,
,,,,,,,,,,,,
,,,,,,,,,,,,
,,,,,,,,,,,,
,,,,,,,,,,,,
,,,,,,,,,,,,
,,,,,,,,,,,,
,,,,,,,,,,,,
,,,,,,,,,,,,
,,,,,,,,,,,,
,,,,,,,,,,,,
,,,,,,,,,,,,
,,,,,,,,,,,,
,,,,,,,,,,,,
,,,,,,,,,,,,
,,,,,,,,,,,,
,,,,,,,,,,,,
,,,,,,,,,,,,
,,,,,,,,,,,,
,,,,,,,,,,,,
,,,,,,,,,,,,
,,,,,,,,,,,,
,,,,,,,,,,,,
,,,,,,,,,,,,
,,,,,,,,,,,,
,,,,,,,,,,,,
,,,,,,,,,,,,
,,,,,,,,,,,,
,,,,,,,,,,,,
,,,,,,,,,,,,
,,,,,,,,,,,,
,,,,,,,,,,,,
,,,,,,,,,,,,
,,,,,,,,,,,,
,,,,,,,,,,,,
,,,,,,,,,,,,
,,,,,,,,,,,,
,,,,,,,,,,,,
,,,,,,,,,,,,
,,,,,,,,,,,,
,,,,,,,,,,,,
,,,,,,,,,,,,
,,,,,,,,,,,,
,,,,,,,,,,,,
,,,,,,,,,,,,
,,,,,,,,,,,,
,,,,,,,,,,,,
,,,,,,,,,,,,
,,,,,,,,,,,,
,,,,,,,,,,,,
,,,,,,,,,,,,
,,,,,,,,,,,,
,,,,,,,,,,,,
,,,,,,,,,,,,
,,,,,,,,,,,,
,,,,,,,,,,,,
,,,,,,,,,,,,
,,,,,,,,,,,,
,,,,,,,,,,,,
,,,,,,,,,,,,
,,,,,,,,,,,,
,,,,,,,,,,,,
,,,,,,,,,,,,
,,,,,,,,,,,,
,,,,,,,,,,,,
,,,,,,,,,,,,
,,,,,,,,,,,,
,,,,,,,,,,,,
,,,,,,,,,,,,
,,,,,,,,,,,,
,,,,,,,,,,,,
,,,,,,,,,,,,
,,,,,,,,,,,,
,,,,,,,,,,,,
,,,,,,,,,,,,
,,,,,,,,,,,,
,,,,,,,,,,,,
,,,,,,,,,,,,
,,,,,,,,,,,,
,,,,,,,,,,,,
,,,,,,,,,,,,
,,,,,,,,,,,,
,,,,,,,,,,,,
,,,,,,,,,,,,
,,,,,,,,,,,,
,,,,,,,,,,,,
,,,,,,,,,,,,
,,,,,,,,,,,,
,,,,,,,,,,,,
,,,,,,,,,,,,
,,,,,,,,,,,,
,,,,,,,,,,,,
,,,,,,,,,,,,
,,,,,,,,,,,,
,,,,,,,,,,,,
,,,,,,,,,,,,
,,,,,,,,,,,,
,,,,,,,,,,,,
,,,,,,,,,,,,
,,,,,,,,,,,,
,,,,,,,,,,,,
,,,,,,,,,,,,
,,,,,,,,,,,,
,,,,,,,,,,,,
,,,,,,,,,,,,
,,,,,,,,,,,,
,,,,,,,,,,,,
,,,,,,,,,,,,
,,,,,,,,,,,,
,,,,,,,,,,,,
,,,,,,,,,,,,
,,,,,,,,,,,,
,,,,,,,,,,,,
,,,,,,,,,,,,
,,,,,,,,,,,,
,,,,,,,,,,,,
,,,,,,,,,,,,
,,,,,,,,,,,,
,,,,,,,,,,,,
,,,,,,,,,,,,
,,,,,,,,,,,,
,,,,,,,,,,,,
,,,,,,,,,,,,
,,,,,,,,,,,,
,,,,,,,,,,,,
,,,,,,,,,,,,
,,,,,,,,,,,,
,,,,,,,,,,,,
,,,,,,,,,,,,
,,,,,,,,,,,,
,,,,,,,,,,,,
,,,,,,,,,,,,
,,,,,,,,,,,,
,,,,,,,,,,,,
,,,,,,,,,,,,
,,,,,,,,,,,,
,,,,,,,,,,,,
,,,,,,,,,,,,
,,,,,,,,,,,,
,,,,,,,,,,,,
,,,,,,,,,,,,
,,,,,,,,,,,,
,,,,,,,,,,,,
,,,,,,,,,,,,
,,,,,,,,,,,,
,,,,,,,,,,,,
,,,,,,,,,,,,
,,,,,,,,,,,,
,,,,,,,,,,,,
,,,,,,,,,,,,
,,,,,,,,,,,,
,,,,,,,,,,,,
,,,,,,,,,,,,
,,,,,,,,,,,,
,,,,,,,,,,,,
,,,,,,,,,,,,
,,,,,,,,,,,,
,,,,,,,,,,,,
,,,,,,,,,,,,
,,,,,,,,,,,,
,,,,,,,,,,,,
,,,,,,,,,,,,
,,,,,,,,,,,,
,,,,,,,,,,,,
,,,,,,,,,,,,
,,,,,,,,,,,,
,,,,,,,,,,,,
,,,,,,,,,,,,
,,,,,,,,,,,,
,,,,,,,,,,,,
,,,,,,,,,,,,
,,,,,,,,,,,,
,,,,,,,,,,,,
,,,,,,,,,,,,
,,,,,,,,,,,,
,,,,,,,,,,,,
,,,,,,,,,,,,
,,,,,,,,,,,,
,,,,,,,,,,,,
,,,,,,,,,,,,
,,,,,,,,,,,,
,,,,,,,,,,,,
,,,,,,,,,,,,
,,,,,,,,,,,,
,,,,,,,,,,,,
,,,,,,,,,,,,
,,,,,,,,,,,,
,,,,,,,,,,,,
,,,,,,,,,,,,
,,,,,,,,,,,,
